3915,Acton,3907,14,50
3923,Ainslie,3907,14,50
3974,Amaroo,3907,14,50
3995,Aranda,3907,14,50
4098,Banks,3907,14,50
4129,Barton,3907,14,50
4184,Belconnen,3907,14,50
4331,Bonner,3907,14,50
4338,Bonython,3907,14,50
4377,Braddon,3907,14,50
4436,Bruce,3907,14,50
4536,Calwell,3907,14,50
4555,Campbell,3907,14,50
4566,Canberra,3907,14,50
4621,Casey,3907,14,50
4662,Chapman,3907,14,50
4669,Charnwood,3907,14,50
4687,Chifley,3907,14,50
4697,Chisholm,3907,14,50
4708,City,3907,14,50
4787,Conder,3907,14,50
4799,Cook,3907,14,50
4816,Coombs,3907,14,50
4855,Crace,3907,14,50
4916,Curtin,3907,14,50
4957,Deakin,3907,14,50
4989,Dickson,3907,14,50
5024,Downer,3907,14,50
5036,Duffy,3907,14,50
5046,Dunlop,3907,14,50
5197,Evatt,3907,14,50
5204,Fadden,3907,14,50
5219,Farrer,3907,14,50
5239,Fisher,3907,14,50
5257,Florey,3907,14,50
5258,Flynn,3907,14,50
5261,Forde,3907,14,50
5270,Forrest,3907,14,50
5278,Franklin,3907,14,50
5284,Fraser,3907,14,50
5306,Garran,3907,14,50
5336,Gilmore,3907,14,50
5340,Giralang,3907,14,50
5420,Gordon,3907,14,50
5429,Gowrie,3907,14,50
5461,Greenway,3907,14,50
5472,Griffith,3907,14,50
5485,Gungahlin,3907,14,50
5498,Hackett,3907,14,50
5531,Harrison,3907,14,50
5538,Hawker,3907,14,50
5592,Higgins,3907,14,50
5629,Holder,3907,14,50
5639,Holt,3907,14,50
5663,Hughes,3907,14,50
5707,Isaacs,3907,14,50
5708,Isabella Plains,3907,14,50
5758,Kaleen,3907,14,50
5768,Kambah,3907,14,50
5886,Kingston,3907,14,50
5980,Latham,3907,14,50
6091,Lyneham,3907,14,50
6093,Lyons,3907,14,50
6097,Macarthur,3907,14,50
6102,Macgregor,3907,14,50
6112,Macquarie,3907,14,50
6205,Mawson,3907,14,50
6218,McKellar,3907,14,50
6234,Melba,3907,14,50
6345,Monash,3907,14,50
6533,Narrabundah,3907,14,50
6583,Ngunnawal,3907,14,50
6587,Nicholls,3907,14,50
6691,O'Connor,3907,14,50
6749,Oxley,3907,14,50
6761,Page,3907,14,50
6770,Palmerston,3907,14,50
6820,Pearce,3907,14,50
6848,Phillip,3907,14,50
6977,Red Hill,3907,14,50
6992,Reid,3907,14,50
7004,Richardson,3907,14,50
7031,Rivett,3907,14,50
7157,Scullin,3907,14,50
7303,Spence,3907,14,50
7348,Stirling,3907,14,50
7498,Theodore,3907,14,50
7544,Torrens,3907,14,50
7582,Turner,3907,14,50
7693,Wanniassa,3907,14,50
7697,Waramanga,3907,14,50
7735,Watson,3907,14,50
7753,Weetangera,3907,14,50
7827,Weston,3907,14,50
7828,Woden,3907,14,50
7829,Targanan,3907,14,50
7955,Wright,3907,14,50
8002,Yarralumla,3907,14,50
3903,Abbotsbury,3909,14,50
3905,Abbotsford,3909,14,50
3906,Abercrombie,3909,14,50
3907,Aberdare,3909,14,50
3908,Aberdeen,3909,14,50
3911,Aberglasslyn,3909,14,50
3912,Abermain,3909,14,50
3913,Acacia Gardens,3909,14,50
3917,Adamstown,3909,14,50
3918,Adamstown Heights,3909,14,50
3924,Airds,3909,14,50
3937,Albion Park,3909,14,50
3938,Albion Park Rail,3909,14,50
3939,Albury,3909,14,50
3940,Albury Municipality,3909,14,50
3941,Aldavilla,3909,14,50
3950,Alexandria,3909,14,50
3952,Alfords Point,3909,14,50
3959,Allambie Heights,3909,14,50
3961,Allawah,3909,14,50
3968,Alstonville,3909,14,50
3975,Ambarvale,3909,14,50
3983,Anna Bay,3909,14,50
3984,Annandale,3909,14,50
3986,Annangrove,3909,14,50
3991,Appin,3909,14,50
3997,Arcadia,3909,14,50
3998,Arcadia vale,3909,14,50
4002,Argenton,3909,14,50
4005,Armidale,3909,14,50
4007,Arncliffe,3909,14,50
4009,Artarmon,3909,14,50
4018,Ashbury,3909,14,50
4020,Ashcroft,3909,14,50
4022,Ashfield,3909,14,50
4025,Ashmont,3909,14,50
4027,Ashtonfield,3909,14,50
4032,Asquith,3909,14,50
4040,Auburn,3909,14,50
4046,Austinmer,3909,14,50
4048,Austral,3909,14,50
4055,Avoca Beach,3909,14,50
4056,Avondale,3909,14,50
4074,Balgowlah,3909,14,50
4075,Balgowlah Heights,3909,14,50
4076,Balgownie,3909,14,50
4084,Ballina,3909,14,50
4085,Balmain,3909,14,50
4086,Balmain East,3909,14,50
4090,Balranald,3909,14,50
4095,Bangalow,3909,14,50
4096,Bangor,3909,14,50
4099,Banksia,3909,14,50
149215,Banksmeadow,3909,14,50
4103,Bankstown,3909,14,50
4105,Banora Point,3909,14,50
4108,Bar Beach,3909,14,50
4112,Barden Ridge,3909,14,50
4113,Bardia,3909,14,50
4115,Bardwell Park,3909,14,50
4116,Bardwell Valley,3909,14,50
4119,Bargo,3909,14,50
4120,Barham,3909,14,50
4124,Barnsley,3909,14,50
4125,Barooga,3909,14,50
4127,Barraba,3909,14,50
4128,Barrack Heights,3909,14,50
4132,Basin View,3909,14,50
4134,Bass Hill,3909,14,50
4136,Bateau Bay,3909,14,50
4137,Batehaven,3909,14,50
4139,Batemans Bay,3909,14,50
4140,Bathurst,3909,14,50
4142,Bathurst city centre,3909,14,50
4141,Bathurst Regional,3909,14,50
4143,Batlow,3909,14,50
4146,Baulkham Hills,3909,14,50
4149,Bay View,3909,14,50
4159,Beacon Hill,3909,14,50
4169,Beaumont Hills,3909,14,50
4177,Beecroft,3909,14,50
4181,Bega,3909,14,50
4182,Bega Valley,3909,14,50
4186,Belfield,3909,14,50
4193,Bella Vista,3909,14,50
4195,Bellambi,3909,14,50
4197,Bellbird,3909,14,50
4203,Bellevue Hill,3909,14,50
4205,Bellingen,3909,14,50
4207,Belmont,3909,14,50
4211,Belmont North,3909,14,50
4212,Belmont South,3909,14,50
4213,Belmore,3909,14,50
4214,Belrose,3909,14,50
4222,Bensville,3909,14,50
4227,Berala,3909,14,50
4228,Beresfield,3909,14,50
4230,Berkeley,3909,14,50
4231,Berkeley Vale,3909,14,50
4232,Berkshire Park,3909,14,50
4233,Bermagui,3909,14,50
4234,Berowra,3909,14,50
4235,Berowra Heights,3909,14,50
4238,Berridale,3909,14,50
4240,Berrigan,3909,14,50
4243,Berry,3909,14,50
4251,Beverley Park,3909,14,50
4252,Beverly Hills,3909,14,50
4253,Bexley,3909,14,50
4254,Bexley North,3909,14,50
4257,Bidwill,3909,14,50
4259,Bilambil Heights,3909,14,50
4260,Bilgola Plateau,3909,14,50
4265,Bingara,3909,14,50
4267,Birchgrove,3909,14,50
4271,Birmingham Gardens,3909,14,50
4272,Birrong,3909,14,50
4282,Blackalls Park,3909,14,50
4286,Blackbutt,3909,14,50
4287,Blackett,3909,14,50
4288,Blackheath,3909,14,50
4291,Blacksmiths,3909,14,50
4293,Blacktown,3909,14,50
4294,Blackwall,3909,14,50
4298,Blair Athol,3909,14,50
4300,Blakehurst,3909,14,50
4302,Bland,3909,14,50
4303,Blaxland,3909,14,50
4304,Blayney,3909,14,50
4306,Bligh Park,3909,14,50
4308,Blue Bay,3909,14,50
4309,Blue Haven,3909,14,50
4310,Blue Mountains Municipality,3909,14,50
4313,Boambee,3909,14,50
4314,Boambee East,3909,14,50
4316,Bogan,3909,14,50
4317,Bogangar,3909,14,50
4318,Boggabri,3909,14,50
4321,Bolton Point,3909,14,50
4322,Bolwarra Heights,3909,14,50
4323,Bomaderry,3909,14,50
4324,Bombala,3909,14,50
4326,Bondi,3909,14,50
4327,Bondi Beach,3909,14,50
4328,Bondi Junction,3909,14,50
4330,Bonnells Bay,3909,14,50
4332,Bonnet Bay,3909,14,50
4333,Bonny Hills,3909,14,50
4334,Bonnyrigg,3909,14,50
4335,Bonnyrigg Heights,3909,14,50
4337,Bonville,3909,14,50
4340,Booker Bay,3909,14,50
4344,Booragul,3909,14,50
4346,Boorowa,3909,14,50
4352,Bossley Park,3909,14,50
4354,Botany,3909,14,50
4355,Botany Bay,3909,14,50
4359,Bourke,3909,14,50
4360,Bourkelands,3909,14,50
4361,Bow Bowing,3909,14,50
4364,Bowen Mountain,3909,14,50
4365,Bowenfels,3909,14,50
4366,Bowral,3909,14,50
4367,Bowraville,3909,14,50
4376,Bradbury,3909,14,50
4379,Braidwood,3909,14,50
4382,Branxton,3909,14,50
4388,Breakfast Point,3909,14,50
4391,Brewarrina,3909,14,50
4406,Brighton-Le-Sands,3909,14,50
4408,Bringelly,3909,14,50
4415,Broadmeadow,3909,14,50
4420,Broken Hill,3909,14,50
4421,Broken Hill Municipality,3909,14,50
4423,Bronte,3909,14,50
4430,Brookvale,3909,14,50
4434,Broulee,3909,14,50
4441,Brunswick Heads,3909,14,50
4448,Budgewoi,3909,14,50
4449,Buff Point,3909,14,50
4450,Bulahdelah,3909,14,50
4454,Bullaburra,3909,14,50
4456,Bulli,3909,14,50
4468,Bundanoon,3909,14,50
4469,Bundeena,3909,14,50
4472,Bungarribee,3909,14,50
4473,Bungendore,3909,14,50
4490,Buronga,3909,14,50
4494,Burradoo,3909,14,50
4495,Burraneer,3909,14,50
4496,Burrill Lake,3909,14,50
4501,Burwood,3909,14,50
4503,Busby,3909,14,50
4508,Buttaba,3909,14,50
4509,Buxton,3909,14,50
4511,Byron Bay,3909,14,50
4512,Byron Shire,3909,14,50
4513,Bywong,3909,14,50
4514,Cabarita,3909,14,50
4517,Cabonne,3909,14,50
4520,Cabramatta,3909,14,50
4521,Cabramatta West,3909,14,50
4522,Caddens,3909,14,50
4527,Calala,3909,14,50
4531,Callaghan,3909,14,50
4532,Callala Bay,3909,14,50
4538,Cambewarra Village,3909,14,50
4542,Cambridge Gardens,3909,14,50
4543,Cambridge Park,3909,14,50
4544,Camden,3909,14,50
4545,Camden Haven,3909,14,50
4547,Camden South,3909,14,50
4548,Cameron Park,3909,14,50
4551,Cammeray,3909,14,50
4558,Campbelltown,3909,14,50
4560,Campbelltown Municipality,3909,14,50
4561,Camperdown,3909,14,50
4563,Campsie,3909,14,50
4564,Canada Bay,3909,14,50
4567,Canley Heights,3909,14,50
4568,Canley Vale,3909,14,50
4574,Canowindra,3909,14,50
4576,Canterbury,3909,14,50
4577,Canton Beach,3909,14,50
4585,Cardiff,3909,14,50
4586,Cardiff Heights,3909,14,50
4587,Cardiff South,3909,14,50
4595,Caringbah,3909,14,50
4596,Caringbah South,3909,14,50
4598,Carlingford,3909,14,50
4601,Carlton,3909,14,50
4606,Carnes Hill,3909,14,50
4609,Carramar,3909,14,50
4612,Carrathool,3909,14,50
4613,Carrington,3909,14,50
4617,Carss Park,3909,14,50
4618,Cartwright,3909,14,50
4619,Carwoola,3909,14,50
4623,Casino,3909,14,50
4626,Castle Cove,3909,14,50
4627,Castle Hill,3909,14,50
4628,Castlecrag,3909,14,50
4630,Castlereagh,3909,14,50
4632,Casuarina,3909,14,50
4634,Casula,3909,14,50
4635,Catalina,3909,14,50
4636,Catherine Field,3909,14,50
4642,Caves Beach,3909,14,50
4643,Cecil Hills,3909,14,50
4648,Centennial Park,3909,14,50
4650,Central Darling,3909,14,50
4655,Cessnock,3909,14,50
4657,Chain Valley Bay,3909,14,50
4665,Charlestown,3909,14,50
4668,Charmhaven,3909,14,50
4672,Chatswood,3909,14,50
4673,Chatswood West,3909,14,50
4683,Cherrybrook,3909,14,50
4684,Chester Hill,3909,14,50
4688,Chifley,3909,14,50
4693,Chinderah,3909,14,50
4694,Chippendale,3909,14,50
4695,Chipping Norton,3909,14,50
4698,Chiswick,3909,14,50
4699,Chittaway Bay,3909,14,50
4712,City of Sydney,3909,14,50
4719,Claremont Meadows,3909,14,50
4723,Clarence Town,3909,14,50
4724,Clarence Valley,3909,14,50
4729,Claymore,3909,14,50
4734,Clemton Park,3909,14,50
4745,Clontarf,3909,14,50
4746,Clovelly,3909,14,50
4752,Coal Point,3909,14,50
4753,Cobar,3909,14,50
4754,Cobbitty,3909,14,50
4763,Coffs Harbour,3909,14,50
4768,Coleambally,3909,14,50
4769,Colebee,3909,14,50
4770,Coledale,3909,14,50
4771,Collaroy,3909,14,50
4772,Collaroy Plateau,3909,14,50
4779,Colo Vale,3909,14,50
4781,Colyton,3909,14,50
4782,Como,3909,14,50
4784,Concord,3909,14,50
4785,Concord West,3909,14,50
4786,Condell Park,3909,14,50
4788,Condobolin,3909,14,50
4790,Coniston,3909,14,50
4791,Connells Point,3909,14,50
4793,Constitution Hill,3909,14,50
4798,Coogee,3909,14,50
4801,Cooks Hill,3909,14,50
4803,Coolah,3909,14,50
4804,Coolamon,3909,14,50
4813,Cooma,3909,14,50
4819,Coonabarabran,3909,14,50
4820,Coonamble,3909,14,50
4823,Cooranbong,3909,14,50
4828,Cootamundra,3909,14,50
4829,Copacabana,3909,14,50
4832,Coraki,3909,14,50
4835,Cordeaux Heights,3909,14,50
4837,Corindi Beach,3909,14,50
4839,Corlette,3909,14,50
4842,Corowa,3909,14,50
4844,Corrimal,3909,14,50
4849,Coutts Crossing,3909,14,50
4854,Cowra,3909,14,50
4871,Cranebrook,3909,14,50
4875,Cremorne,3909,14,50
4876,Cremorne Point,3909,14,50
4877,Crescent Head,3909,14,50
4880,Crestwood,3909,14,50
4883,Cringila,3909,14,50
4884,Cromer,3909,14,50
4885,Cronulla,3909,14,50
4886,Crookwell,3909,14,50
4887,Crows Nest,3909,14,50
4889,Croydon,3909,14,50
4899,Culburra Beach,3909,14,50
4900,Culcairn,3909,14,50
4901,Cumbalum,3909,14,50
4904,Cundletown,3909,14,50
4906,Curl Curl,3909,14,50
4910,Currans Hill,3909,14,50
4918,Daceyville,3909,14,50
4925,Dalmeny,3909,14,50
4933,Dapto,3909,14,50
4940,Darling Point,3909,14,50
4941,Darlinghurst,3909,14,50
4944,Darlington,3909,14,50
4945,Darlington Point,3909,14,50
4948,Davidson,3909,14,50
4949,Davistown,3909,14,50
4958,Dean Park,3909,14,50
4960,Dee Why,3909,14,50
4969,Denham Court,3909,14,50
4970,Deniliquin,3909,14,50
4971,Denistone,3909,14,50
4972,Denistone East,3909,14,50
4973,Denman,3909,14,50
4985,Dharruk,3909,14,50
5000,Dolls Point,3909,14,50
5011,Doonside,3909,14,50
5012,Dora Creek,3909,14,50
5014,Dorrigo,3909,14,50
5016,Double Bay,3909,14,50
5019,Douglas Park,3909,14,50
5021,Dover Heights,3909,14,50
5031,Drummoyne,3909,14,50
5033,Dubbo,3909,14,50
5034,Dudley,3909,14,50
5038,Dulwich Hill,3909,14,50
5042,Dundas Valley,3909,14,50
5044,Dunedoo,3909,14,50
5045,Dungog,3909,14,50
5050,Dural,3909,14,50
5056,Eagle Vale,3909,14,50
5061,Earlwood,3909,14,50
5062,East Albury,3909,14,50
5065,East Ballina,3909,14,50
5067,East Branxton,3909,14,50
5072,East Corrimal,3909,14,50
5077,East Gosford,3909,14,50
5078,East Hills,3909,14,50
5081,East Jindabyne,3909,14,50
5082,East Kempsey,3909,14,50
5083,East Killara,3909,14,50
5084,East Kurrajong,3909,14,50
5086,East Lindfield,3909,14,50
5087,East Lismore,3909,14,50
5089,East Maitland,3909,14,50
5093,East Ryde,3909,14,50
5095,East Tamworth,3909,14,50
5099,Eastlakes,3909,14,50
5100,Eastwood,3909,14,50
5105,Eden,3909,14,50
5110,Edensor Park,3909,14,50
5112,Edgecliff,3909,14,50
5114,Edgeworth,3909,14,50
5116,Edmondson Park,3909,14,50
5119,Eglinton,3909,14,50
5124,Elanora Heights,3909,14,50
5125,Elderslie,3909,14,50
5126,Eleebana,3909,14,50
5127,Elermore Vale,3909,14,50
5130,Elizabeth Bay,3909,14,50
5134,Elizabeth Hills,3909,14,50
5139,Ellalong,3909,14,50
5152,Emerald Beach,3909,14,50
5153,Emerton,3909,14,50
5154,Empire Bay,3909,14,50
5155,Emu Heights,3909,14,50
5157,Emu Plains,3909,14,50
5161,Engadine,3909,14,50
5162,Enmore,3909,14,50
5165,Epping,3909,14,50
5167,Erina,3909,14,50
5169,Ermington,3909,14,50
5171,Erskine Park,3909,14,50
5172,Erskineville,3909,14,50
5173,Eschol Park,3909,14,50
5180,Estella,3909,14,50
5183,Ettalong,3909,14,50
5184,Ettalong Beach,3909,14,50
5186,Eulomogo,3909,14,50
5190,Eurobodalla,3909,14,50
5193,Evans Head,3909,14,50
5206,Fairfield,3909,14,50
5208,Fairfield East,3909,14,50
5209,Fairfield Heights,3909,14,50
5210,Fairfield West,3909,14,50
5211,Fairlight,3909,14,50
5213,Fairy Meadow,3909,14,50
5217,Farmborough Heights,3909,14,50
5220,Faulconbridge,3909,14,50
5223,Fennell Bay,3909,14,50
5224,Fern Bay,3909,14,50
5225,Fern Hill,3909,14,50
5234,Figtree,3909,14,50
5236,Fingal Bay,3909,14,50
5237,Finley,3909,14,50
5244,Five Dock,3909,14,50
5247,Fletcher,3909,14,50
5248,Flinders,3909,14,50
5255,Floraville,3909,14,50
5260,Forbes,3909,14,50
5263,Forest Hill,3909,14,50
5266,Forest Lodge,3909,14,50
5269,Forestville,3909,14,50
5272,Forresters Beach,3909,14,50
5274,Forster,3909,14,50
5286,Frederickton,3909,14,50
5288,Freemans Reach,3909,14,50
5290,Frenchs Forest,3909,14,50
5292,Freshwater,3909,14,50
5300,Galston,3909,14,50
5304,Garden Suburb,3909,14,50
5307,Gateshead,3909,14,50
5325,Georges Hall,3909,14,50
5326,Georgetown,3909,14,50
5329,Gerringong,3909,14,50
5332,Gilgandra,3909,14,50
5335,Gillieston Heights,3909,14,50
5341,Girards Hill,3909,14,50
5342,Girraween,3909,14,50
5346,Gladesville,3909,14,50
5353,Glebe,3909,14,50
5354,Glen Alpine,3909,14,50
5359,Glen Innes,3909,14,50
5360,Glen Innes Severn,3909,14,50
5366,Glenbrook,3909,14,50
5367,Glendale,3909,14,50
5369,Glendenning,3909,14,50
5378,Glenfield,3909,14,50
5379,Glenfield Park,3909,14,50
5382,Glenhaven,3909,14,50
5383,Glenmore Park,3909,14,50
5384,Glenning Valley,3909,14,50
5386,Glenorie,3909,14,50
5388,Glenroy,3909,14,50
5393,Glenwood,3909,14,50
5394,Glossodia,3909,14,50
5395,Gloucester,3909,14,50
5399,Gol Gol,3909,14,50
5411,Googong,3909,14,50
5416,Goonellabah,3909,14,50
5418,Gordon,3909,14,50
5423,Gorokan,3909,14,50
5424,Gosford,3909,14,50
5426,Goulburn,3909,14,50
5427,Goulburn Mulwaree,3909,14,50
5434,Grafton,3909,14,50
5439,Granville,3909,14,50
5442,Grasmere,3909,14,50
5444,Grays Point,3909,14,50
5448,Greater Hume Shire,3909,14,50
5450,Green Valley,3909,14,50
5451,Greenacre,3909,14,50
5454,Greenfield Park,3909,14,50
5462,Greenwell Point,3909,14,50
5463,Greenwich,3909,14,50
5466,Gregory Hills,3909,14,50
5467,Grenfell,3909,14,50
5468,Greta,3909,14,50
5469,Greystanes,3909,14,50
5471,Griffith,3909,14,50
5473,Grose Vale,3909,14,50
5476,Guildford West,3909,14,50
5478,Gulgong,3909,14,50
5480,Gulmarrad,3909,14,50
5483,Gundagai,3909,14,50
5484,Gundaroo,3909,14,50
5487,Gunnedah,3909,14,50
5488,Guyra,3909,14,50
5489,Gwandalan,3909,14,50
5491,Gwydir,3909,14,50
5492,Gwynneville,3909,14,50
5493,Gymea,3909,14,50
5494,Gymea Bay,3909,14,50
5497,Haberfield,3909,14,50
5505,Halekulani,3909,14,50
5512,Hamilton,3909,14,50
5516,Hamlyn Terrace,3909,14,50
5518,Hammondville,3909,14,50
5524,Hanwood,3909,14,50
5527,Harrington,3909,14,50
5528,Harrington Park,3909,14,50
5529,Harris Park,3909,14,50
5534,Hassall Grove,3909,14,50
5539,Hawkesbury,3909,14,50
5540,Hawks Nest,3909,14,50
5547,Hay,3909,14,50
5550,Haymarket,3909,14,50
5551,Hazelbrook,3909,14,50
5556,Heathcote,3909,14,50
5563,Hebersham,3909,14,50
5564,Heckenberg,3909,14,50
5566,Heddon Greta,3909,14,50
5571,Helensburgh,3909,14,50
5579,Henty,3909,14,50
5604,Hill Top,3909,14,50
5611,Hillsdale,3909,14,50
5613,Hillston,3909,14,50
5614,Hillvue,3909,14,50
5617,Hinchinbrook,3909,14,50
5623,Hobartville,3909,14,50
5627,Holbrook,3909,14,50
5635,Holmesville,3909,14,50
5637,Holroyd,3909,14,50
5638,Holsworthy,3909,14,50
5642,Homebush,3909,14,50
5643,Homebush West,3909,14,50
5648,Horningsea Park,3909,14,50
5649,Hornsby,3909,14,50
5650,Hornsby Heights,3909,14,50
5651,Hornsby Shire,3909,14,50
5653,Horsley,3909,14,50
5654,Horsley Park,3909,14,50
5659,Howlong,3909,14,50
5661,Hoxton Park,3909,14,50
5667,Hunters Hill,3909,14,50
5668,Hunterview,3909,14,50
149308,Huntingwood,3909,14,50
5675,Hurlstone Park,3909,14,50
5677,Hurstville,3909,14,50
5678,Hurstville Grove,3909,14,50
5682,Illawong,3909,14,50
5684,Iluka,3909,14,50
5691,Ingleburn,3909,14,50
5697,Inverell,3909,14,50
5709,Islington,3909,14,50
5716,Jamberoo,3909,14,50
5719,Jamisontown,3909,14,50
5724,Jannali,3909,14,50
5727,Jerilderie,3909,14,50
5728,Jerrabomberra,3909,14,50
5730,Jesmond,3909,14,50
5731,Jewells,3909,14,50
5732,Jilliby,3909,14,50
5734,Jindabyne,3909,14,50
5737,Jindera,3909,14,50
5743,Jordan Springs,3909,14,50
5748,Junction Hill,3909,14,50
5750,Junee,3909,14,50
5754,Kahibah,3909,14,50
5772,Kanahooka,3909,14,50
5773,Kandos,3909,14,50
5779,Kanwal,3909,14,50
5780,Kapooka,3909,14,50
5782,Karabar,3909,14,50
5788,Kareela,3909,14,50
5789,Kariong,3909,14,50
5794,Karuah,3909,14,50
5800,Katoomba,3909,14,50
5805,Kearns,3909,14,50
5812,Keiraville,3909,14,50
5815,Kellyville,3909,14,50
5816,Kellyville Ridge,3909,14,50
5818,Kelso,3909,14,50
5821,Kemps Creek,3909,14,50
5822,Kempsey,3909,14,50
5823,Kendall,3909,14,50
5828,Kensington,3909,14,50
5834,Kenthurst,3909,14,50
5842,Kew,3909,14,50
5848,Kiama,3909,14,50
5849,Kiama Downs,3909,14,50
5852,Kilaben Bay,3909,14,50
5856,Killara,3909,14,50
5857,Killarney Heights,3909,14,50
5858,Killarney Vale,3909,14,50
5864,King Creek,3909,14,50
5871,Kings Langley,3909,14,50
5873,Kings Park,3909,14,50
5876,Kingscliff,3909,14,50
5878,Kingsford,3909,14,50
5879,Kingsgrove,3909,14,50
5890,Kingswood Park,3909,14,50
5894,Kirrawee,3909,14,50
5895,Kirribilli,3909,14,50
5901,Kogarah,3909,14,50
5902,Kogarah Bay,3909,14,50
5906,Koonawarra,3909,14,50
5911,Kooringal,3909,14,50
5912,Kootingal,3909,14,50
5914,Korora,3909,14,50
5916,Kosciuszko National Park,3909,14,50
5917,Kotara,3909,14,50
5918,Kotara South,3909,14,50
5920,Ku-ring-gai,3909,14,50
5926,Kurnell,3909,14,50
5927,Kurraba Point,3909,14,50
5928,Kurrajong Heights,3909,14,50
5930,Kurri Kurri,3909,14,50
5935,Kyle Bay,3909,14,50
5937,Kyogle,3909,14,50
5939,Lachlan,3909,14,50
5941,Lake Albert,3909,14,50
5942,Lake Cargelligo,3909,14,50
5943,Lake Cathie,3909,14,50
5946,Lake Haven,3909,14,50
5947,Lake Heights,3909,14,50
5948,Lake Illawarra,3909,14,50
5950,Lake Macquarie Shire,3909,14,50
5951,Lake Munmorah,3909,14,50
5954,Lakelands,3909,14,50
5955,Lakemba,3909,14,50
5957,Lakewood,3909,14,50
5959,Lalor Park,3909,14,50
5960,Lambton,3909,14,50
5966,Lane Cove,3909,14,50
5967,Lane Cove North,3909,14,50
5968,Lane Cove West,3909,14,50
5973,Lansvale,3909,14,50
5976,Largs,3909,14,50
5990,Lavington,3909,14,50
5992,Lawrence,3909,14,50
5993,Lawson,3909,14,50
5999,Leeton,3909,14,50
6002,Leichhardt,3909,14,50
6004,Lemon Tree Passage,3909,14,50
6006,Lennox Head,3909,14,50
6007,Leonay,3909,14,50
6011,Leppington,3909,14,50
6014,Lethbridge Park,3909,14,50
6015,Leumeah,3909,14,50
6016,Leura,3909,14,50
6017,Lewisham,3909,14,50
6019,Liberty Grove,3909,14,50
6020,Lidcombe,3909,14,50
6022,Lightning Ridge,3909,14,50
6023,Lilli Pilli,3909,14,50
6025,Lilyfield,3909,14,50
6027,Lindfield,3909,14,50
6029,Lisarow,3909,14,50
6030,Lismore,3909,14,50
6031,Lismore Heights,3909,14,50
6032,Lismore Municipality,3909,14,50
6034,Lithgow,3909,14,50
6035,Little Bay,3909,14,50
6040,Liverpool,3909,14,50
6041,Liverpool Plains,3909,14,50
6042,Llanarth,3909,14,50
6043,Llandilo,3909,14,50
6045,Lockhart,3909,14,50
6052,Loftus,3909,14,50
6060,Londonderry,3909,14,50
6061,Long Beach,3909,14,50
6063,Long Jetty,3909,14,50
6067,Longueville,3909,14,50
6069,Lorn,3909,14,50
6083,Luddenham,3909,14,50
6085,Lugarno,3909,14,50
6086,Lurnea,3909,14,50
6107,Macksville,3909,14,50
6108,Maclean,3909,14,50
6111,Macmasters Beach,3909,14,50
6113,Macquarie Fields,3909,14,50
6114,Macquarie Hills,3909,14,50
6115,Macquarie Links,3909,14,50
6116,Macquarie Park,3909,14,50
6129,Maitland,3909,14,50
6131,Maitland city centre,3909,14,50
6130,Maitland Municipality,3909,14,50
6132,Malabar,3909,14,50
6139,Malua Bay,3909,14,50
6145,Mangerton,3909,14,50
6148,Manilla,3909,14,50
6151,Manly,3909,14,50
6152,Manly Vale,3909,14,50
6154,Mannering Park,3909,14,50
6169,Maraylya,3909,14,50
6170,Marayong,3909,14,50
6174,Mardi,3909,14,50
6183,Marks Point,3909,14,50
6190,Maroubra,3909,14,50
6192,Marrickville,3909,14,50
6194,Marsfield,3909,14,50
6196,Marulan,3909,14,50
6199,Maryland,3909,14,50
6200,Maryville,3909,14,50
6201,Mascot,3909,14,50
6203,Matraville,3909,14,50
6208,Mayfield,3909,14,50
6209,Mayfield East,3909,14,50
6210,Mayfield West,3909,14,50
6216,McGraths Hill,3909,14,50
6223,McMahons Point,3909,14,50
6226,Meadowbank,3909,14,50
6232,Medowie,3909,14,50
6237,Melrose Park,3909,14,50
6243,Menai,3909,14,50
6244,Menangle,3909,14,50
6251,Merewether,3909,14,50
6252,Merewether Heights,3909,14,50
6254,Merimbula,3909,14,50
6261,Merriwa,3909,14,50
6263,Merrylands,3909,14,50
6264,Merrylands West,3909,14,50
6265,Metford,3909,14,50
6271,Mid-Western Regional,3909,14,50
6272,Middle Cove,3909,14,50
6279,Middleton Grange,3909,14,50
6292,Miller,3909,14,50
6293,Millers Point,3909,14,50
6300,Millthorpe,3909,14,50
6301,Milperra,3909,14,50
6302,Milsons Point,3909,14,50
6303,Milton,3909,14,50
6305,Minchinbury,3909,14,50
6311,Minto,3909,14,50
6314,Miranda,3909,14,50
6324,Mitchell,3909,14,50
6327,Mittagong,3909,14,50
6328,Moama,3909,14,50
6339,Mollymook,3909,14,50
6340,Mollymook Beach,3909,14,50
6341,Molong,3909,14,50
6342,Mona Vale,3909,14,50
6351,Monterey,3909,14,50
6360,Moonbi,3909,14,50
6361,Moonee Beach,3909,14,50
6370,Moorebank,3909,14,50
6380,Moree,3909,14,50
6381,Moree Plains,3909,14,50
6384,Morisset,3909,14,50
6391,Morpeth,3909,14,50
6394,Mortdale,3909,14,50
6396,Mortlake,3909,14,50
6397,Moruya,3909,14,50
6399,Mosman,3909,14,50
6401,Moss Vale,3909,14,50
6405,Mount Annan,3909,14,50
6406,Mount Austin,3909,14,50
6412,Mount Colah,3909,14,50
6418,Mount Druitt,3909,14,50
6428,Mount Hutton,3909,14,50
6430,Mount Keira,3909,14,50
6431,Mount Kembla,3909,14,50
6432,Mount Kuring-Gai,3909,14,50
6434,Mount Lewis,3909,14,50
6448,Mount Ousley,3909,14,50
6452,Mount Pleasant,3909,14,50
6453,Mount Pritchard,3909,14,50
6456,Mount Riverview,3909,14,50
6457,Mount Saint Thomas,3909,14,50
6461,Mount Vernon,3909,14,50
6463,Mount Warrigal,3909,14,50
6469,Mudgee,3909,14,50
6475,Mulgoa,3909,14,50
6478,Mullumbimby,3909,14,50
6479,Mulwala,3909,14,50
6498,Murrumbateman,3909,14,50
6500,Murrurundi,3909,14,50
6502,Murwillumbah,3909,14,50
6503,Muswellbrook,3909,14,50
6508,Nabiac,3909,14,50
6514,Nambucca,3909,14,50
6515,Nambucca Heads,3909,14,50
6516,Nambucca Shire,3909,14,50
6517,Nana Glen,3909,14,50
6525,Narara,3909,14,50
6526,Narellan,3909,14,50
6527,Narellan Vale,3909,14,50
6529,Naremburn,3909,14,50
6530,Narooma,3909,14,50
6531,Narrabeen,3909,14,50
6532,Narrabri,3909,14,50
6534,Narrandera,3909,14,50
6535,Narrawallee,3909,14,50
6536,Narraweena,3909,14,50
6541,Narromine,3909,14,50
6542,Narwee,3909,14,50
6549,Nelson Bay,3909,14,50
6553,Neutral Bay,3909,14,50
6558,New Lambton,3909,14,50
6559,New Lambton Heights,3909,14,50
6563,Newcastle,3909,14,50
6565,Newcastle city centre,3909,14,50
6564,Newcastle East,3909,14,50
6568,Newington,3909,14,50
6572,Newport,3909,14,50
6578,Newtown,3909,14,50
6586,Niagara Park,3909,14,50
6594,Nimbin,3909,14,50
6605,Noraville,3909,14,50
6609,Normanhurst,3909,14,50
6613,North Albury,3909,14,50
6614,North Avoca,3909,14,50
6615,North Balgowlah,3909,14,50
6618,North Boambee Valley,3909,14,50
6619,North Bondi,3909,14,50
6625,North Curl Curl,3909,14,50
6626,North Epping,3909,14,50
6629,North Gosford,3909,14,50
6630,North Haven,3909,14,50
6636,North Lambton,3909,14,50
6639,North Manly,3909,14,50
6641,North Narrabeen,3909,14,50
6642,North Nowra,3909,14,50
6643,North Parramatta,3909,14,50
6646,North Richmond,3909,14,50
6647,North Rocks,3909,14,50
6648,North Ryde,3909,14,50
6649,North St Marys,3909,14,50
6650,North Strathfield,3909,14,50
6651,North Sydney,3909,14,50
6652,North Tamworth,3909,14,50
6654,North Turramurra,3909,14,50
6655,North Wahroonga,3909,14,50
6658,North Willoughby,3909,14,50
6659,North Wollongong,3909,14,50
6663,Northbridge,3909,14,50
6672,Northmead,3909,14,50
6679,Nowra,3909,14,50
6680,Nowra Hill,3909,14,50
6689,Nyngan,3909,14,50
6693,Oak Flats,3909,14,50
6695,Oakdale,3909,14,50
6701,Oakhurst,3909,14,50
6706,Oakville,3909,14,50
6707,Oatlands,3909,14,50
6708,Oatley,3909,14,50
6709,Oberon,3909,14,50
6712,Ocean Shores,3909,14,50
6714,Old Bar,3909,14,50
6716,Old Erowal Bay,3909,14,50
6717,Old Guildford,3909,14,50
6720,Old Toongabbie,3909,14,50
6729,Oran Park,3909,14,50
6731,Orange,3909,14,50
6732,Orange Municipality,3909,14,50
6733,Orangeville,3909,14,50
6735,Orchard Hills,3909,14,50
6745,Ourimbah,3909,14,50
6750,Oxley Park,3909,14,50
6751,Oxley Vale,3909,14,50
6752,Oyster Bay,3909,14,50
6757,Paddington,3909,14,50
6759,Padstow,3909,14,50
6760,Padstow Heights,3909,14,50
6762,Pagewood,3909,14,50
6766,Palm Beach,3909,14,50
6773,Panania,3909,14,50
6794,Parkes,3909,14,50
6797,Parklea,3909,14,50
6805,Parramatta,3909,14,50
6816,Peak Hill,3909,14,50
6817,Peakhurst,3909,14,50
6818,Peakhurst Heights,3909,14,50
6826,Pemulwuy,3909,14,50
6827,Pendle Hill,3909,14,50
6829,Pennant Hills,3909,14,50
6832,Penrith,3909,14,50
6833,Penrith Municipality,3909,14,50
6834,Penshurst,3909,14,50
6844,Petersham,3909,14,50
6847,Phillip,3909,14,50
6853,Picnic Point,3909,14,50
6854,Picton,3909,14,50
6862,Pitt Town,3909,14,50
6869,Plumpton,3909,14,50
6872,Point Clare,3909,14,50
6874,Point Frederick,3909,14,50
6876,Point Piper,3909,14,50
6878,Pokolbin,3909,14,50
6891,Port Hacking,3909,14,50
6893,Port Kembla,3909,14,50
6896,Port Macquarie,3909,14,50
6897,Port Macquarie-Hastings,3909,14,50
6907,Port Stephens Shire,3909,14,50
6910,Portland,3909,14,50
6912,Potts Point,3909,14,50
6913,Pottsville,3909,14,50
6914,Pottsville Beach,3909,14,50
6916,Prairiewood,3909,14,50
6918,Prestons,3909,14,50
6919,Primbee,3909,14,50
6923,Prospect,3909,14,50
6927,Punchbowl,3909,14,50
6928,Putney,3909,14,50
6929,Pymble,3909,14,50
6931,Pyrmont,3909,14,50
6933,Quakers Hill,3909,14,50
6935,Queanbeyan,3909,14,50
6936,Queanbeyan East,3909,14,50
6937,Queanbeyan West,3909,14,50
6939,Queens Park,3909,14,50
6941,Queenscliff,3909,14,50
6949,Quirindi,3909,14,50
6951,Raby,3909,14,50
6953,Raglan,3909,14,50
6956,Ramsgate,3909,14,50
6957,Ramsgate Beach,3909,14,50
6958,Randwick,3909,14,50
6963,Rankin Park,3909,14,50
6966,Rathmines,3909,14,50
6972,Raworth,3909,14,50
6973,Raymond Terrace,3909,14,50
6974,Razorback,3909,14,50
6982,Redfern,3909,14,50
6983,Redhead,3909,14,50
6990,Regents Park,3909,14,50
6999,Revesby,3909,14,50
7000,Revesby Heights,3909,14,50
7003,Rhodes,3909,14,50
7006,Richmond,3909,14,50
7011,Richmond Valley,3909,14,50
7025,Riverstone,3909,14,50
7029,Riverview,3909,14,50
7030,Riverwood,3909,14,50
7034,Robertson,3909,14,50
7042,Rockdale,3909,14,50
7048,Rodd Point,3909,14,50
7055,Rooty Hill,3909,14,50
7057,Ropes Crossing,3909,14,50
7059,Rose Bay,3909,14,50
149144,Rosebery,3909,14,50
7065,Rosehill,3909,14,50
7066,Roselands,3909,14,50
7067,Rosemeadow,3909,14,50
7071,Roseville,3909,14,50
7072,Roseville Chase,3909,14,50
7082,Rouse Hill,3909,14,50
7088,Rozelle,3909,14,50
7092,Ruse,3909,14,50
7093,Rushcutters Bay,3909,14,50
7096,Russell Lea,3909,14,50
7097,Russell Vale,3909,14,50
7098,Rutherford,3909,14,50
7100,Rydalmere,3909,14,50
7101,Ryde,3909,14,50
7104,Sadleir,3909,14,50
7112,Saint Ives,3909,14,50
7116,Saint Peters,3909,14,50
7117,Salamander Bay,3909,14,50
7127,Salt Ash,3909,14,50
7132,San Remo,3909,14,50
7133,Sanctuary Point,3909,14,50
7138,Sandringham,3909,14,50
7142,Sandy Beach,3909,14,50
7143,Sans Souci,3909,14,50
7144,Sapphire Beach,3909,14,50
7145,Saratoga,3909,14,50
7148,Sawtell,3909,14,50
7153,Schofields,3909,14,50
7154,Scone,3909,14,50
7167,Seaforth,3909,14,50
7174,Sefton,3909,14,50
7184,Seven Hills,3909,14,50
7191,Shalvey,3909,14,50
7198,Shell Cove,3909,14,50
7200,Shellharbour,3909,14,50
7201,Shelly Beach,3909,14,50
7205,Shoal Bay,3909,14,50
7206,Shoalhaven Heads,3909,14,50
7207,Shoalhaven Shire,3909,14,50
7211,Shortland,3909,14,50
7215,Silverdale,3909,14,50
7216,Silverwater,3909,14,50
7219,Singleton,3909,14,50
7220,Singleton Heights,3909,14,50
7223,Skennars Head,3909,14,50
7228,Smithfield,3909,14,50
7230,Smiths Lake,3909,14,50
7237,Soldiers Point,3909,14,50
7240,Somersby,3909,14,50
7249,South Albury,3909,14,50
7250,South Bathurst,3909,14,50
7251,South Bowenfels,3909,14,50
7257,South Coogee,3909,14,50
7261,South Grafton,3909,14,50
7262,South Granville,3909,14,50
7266,South Hurstville,3909,14,50
7268,South Kempsey,3909,14,50
7273,South Lismore,3909,14,50
7278,South Murwillumbah,3909,14,50
7279,South Nowra,3909,14,50
7280,South Penrith,3909,14,50
7283,South Tamworth,3909,14,50
7286,South Turramurra,3909,14,50
7287,South Wentworthville,3909,14,50
7288,South West Rocks,3909,14,50
7289,South Windsor,3909,14,50
7302,Speers Point,3909,14,50
7307,Spring Farm,3909,14,50
7309,Springdale Heights,3909,14,50
7314,Springvale,3909,14,50
7317,Springwood,3909,14,50
7320,St Andrews,3909,14,50
7321,St Clair,3909,14,50
7327,St Helens Park,3909,14,50
7328,St Huberts Island,3909,14,50
7329,St Ives Chase,3909,14,50
7331,St Johns Park,3909,14,50
7334,St Leonards,3909,14,50
7338,St. Georges Basin,3909,14,50
7341,Stanhope Gardens,3909,14,50
7342,Stanmore,3909,14,50
7344,Stanwell Park,3909,14,50
7350,Stockton,3909,14,50
7359,Strathfield,3909,14,50
7360,Strathfield South,3909,14,50
7373,Suffolk Park,3909,14,50
7374,Summer Hill,3909,14,50
7376,Summerland Point,3909,14,50
7385,Sunshine Bay,3909,14,50
7392,Surfside,3909,14,50
7395,Surry Hills,3909,14,50
7396,Sussex Inlet,3909,14,50
7397,Sutherland,3909,14,50
7398,Sutherland Shire,3909,14,50
7399,Sutton,3909,14,50
7405,Swansea,3909,14,50
7407,Sydenham,3909,14,50
7408,Sydney,3909,14,50
7409,Sydney Central Business District,3909,14,50
7410,Sydney Olympic Park,3909,14,50
7411,Sylvania,3909,14,50
7412,Sylvania Waters,3909,14,50
7413,Table Top,3909,14,50
7414,Tahmoor,3909,14,50
7421,Tamarama,3909,14,50
7425,Tamworth,3909,14,50
7426,Tamworth Municipality,3909,14,50
7429,Tanilba Bay,3909,14,50
7437,Taree,3909,14,50
7438,Taren Point,3909,14,50
7443,Tarrawanna,3909,14,50
7444,Tarro,3909,14,50
7445,Tascott,3909,14,50
7447,Tathra,3909,14,50
7449,Tatton,3909,14,50
7453,Tea Gardens,3909,14,50
7457,Telarah,3909,14,50
7460,Telopea,3909,14,50
7461,Temora,3909,14,50
7462,Temora Municipality,3909,14,50
7463,Tempe,3909,14,50
7466,Tenambit,3909,14,50
7470,Tennyson Point,3909,14,50
7471,Tenterfield,3909,14,50
7472,Tenterfield Municipality,3909,14,50
7473,Teralba,3909,14,50
7475,Terranora,3909,14,50
7476,Terrigal,3909,14,50
7477,Terry Hills,3909,14,50
7482,The Entrance,3909,14,50
7483,The Entrance North,3909,14,50
7487,The Hill,3909,14,50
7488,The Hills Shire,3909,14,50
7489,The Junction,3909,14,50
7490,The Oaks,3909,14,50
7492,The Ponds,3909,14,50
7494,The Rock,3909,14,50
7495,The Rocks,3909,14,50
7499,Thirlmere,3909,14,50
7500,Thirroul,3909,14,50
7506,Thornleigh,3909,14,50
7508,Thornton,3909,14,50
7510,Thurgoona,3909,14,50
7513,Tighes Hill,3909,14,50
7518,Tingira Heights,3909,14,50
7519,Tinonee,3909,14,50
7523,Tocumwal,3909,14,50
7525,Tolland,3909,14,50
7527,Tomakin,3909,14,50
7528,Tomerong,3909,14,50
7533,Toongabbie,3909,14,50
7537,Toormina,3909,14,50
7541,Toronto,3909,14,50
7549,Toukley,3909,14,50
7553,Towradgi,3909,14,50
7555,Trangie,3909,14,50
7561,Tregear,3909,14,50
7572,Tuggerawong,3909,14,50
7576,Tumbarumba,3909,14,50
7577,Tumbi Vmbi,3909,14,50
7579,Tumut,3909,14,50
7580,Tuncurry,3909,14,50
7581,Tura Beach,3909,14,50
7584,Tuross Head,3909,14,50
7585,Turramurra,3909,14,50
7586,Turrella,3909,14,50
7587,Turvey Park,3909,14,50
7589,Tweed,3909,14,50
7590,Tweed Heads,3909,14,50
7591,Tweed Heads South,3909,14,50
7592,Tweed Heads West,3909,14,50
7597,Ulladulla,3909,14,50
7598,Ultimo,3909,14,50
7600,Umina Beach,3909,14,50
7601,Unanderra,3909,14,50
7610,Upper Hunter Shire,3909,14,50
7612,Upper Lachlan Shire,3909,14,50
7615,Uralla,3909,14,50
7618,Urunga,3909,14,50
7622,Valentine,3909,14,50
7623,Valla Beach,3909,14,50
7624,Valley Heights,3909,14,50
7628,Vaucluse,3909,14,50
7637,Villawood,3909,14,50
7640,Vincentia,3909,14,50
7641,Vineyard,3909,14,50
7646,Voyager Point,3909,14,50
7648,Wadalba,3909,14,50
7652,Wagga Wagga,3909,14,50
7656,Wahroonga,3909,14,50
7659,Waitara,3909,14,50
7661,Wakeley,3909,14,50
7663,Walcha,3909,14,50
7664,Walgett,3909,14,50
7669,Wallacia,3909,14,50
7670,Wallalong,3909,14,50
7673,Wallerawang,3909,14,50
7676,Wallsend,3909,14,50
7677,Wamberal,3909,14,50
7678,Wamboin,3909,14,50
7689,Wangi Wangi,3909,14,50
7696,Warabrook,3909,14,50
7699,Waratah,3909,14,50
7700,Waratah West,3909,14,50
7703,Wareemba,3909,14,50
7704,Warialda,3909,14,50
7705,Warilla,3909,14,50
7708,Warners Bay,3909,14,50
7712,Warragamba,3909,14,50
7717,Warrawee,3909,14,50
7718,Warrawong,3909,14,50
7719,Warren,3909,14,50
7720,Warren Shire,3909,14,50
7721,Warriewood,3909,14,50
7722,Warrimoo,3909,14,50
7724,Warrumbungle Shire,3909,14,50
7727,Warwick Farm,3909,14,50
7728,Watanobbi,3909,14,50
7733,Waterview Heights,3909,14,50
7738,Wattle Grove,3909,14,50
7741,Wattle Ponds,3909,14,50
7744,Wauchope,3909,14,50
7747,Waverley,3909,14,50
7749,Waverton,3909,14,50
7751,Weddin,3909,14,50
7752,Wee Waa,3909,14,50
7758,Wellington,3909,14,50
7763,Wentworth,3909,14,50
7764,Wentworth Falls,3909,14,50
7765,Wentworth Point,3909,14,50
7766,Wentworthville,3909,14,50
7769,Werrington,3909,14,50
7770,Werrington County,3909,14,50
7771,Werrington Downs,3909,14,50
7772,Werris Creek,3909,14,50
7774,West Albury,3909,14,50
7777,West Ballina,3909,14,50
7778,West Bathurst,3909,14,50
7787,West Gosford,3909,14,50
7788,West Haven,3909,14,50
7791,West Hoxton,3909,14,50
7792,West Kempsey,3909,14,50
7801,West Nowra,3909,14,50
7802,West Pennant Hills,3909,14,50
7804,West Pymble,3909,14,50
7806,West Ryde,3909,14,50
7808,West Tamworth,3909,14,50
7810,West Wallsend,3909,14,50
7813,West Wollongong,3909,14,50
7815,West Wyalong,3909,14,50
7820,Westdale,3909,14,50
7823,Westleigh,3909,14,50
7824,Westmead,3909,14,50
7829,Wetherill Park,3909,14,50
7830,Whalan,3909,14,50
149216,Whale Beach,3909,14,50
7831,Wheeler Heights,3909,14,50
7836,Whitebridge,3909,14,50
7849,Wickham,3909,14,50
7851,Wilberforce,3909,14,50
7852,Wiley Park,3909,14,50
7861,Williamtown,3909,14,50
7862,Willmot,3909,14,50
7863,Willoughby,3909,14,50
7864,Willoughby East,3909,14,50
7872,Wilton,3909,14,50
7875,Windale,3909,14,50
7876,Windang,3909,14,50
7878,Windradyne,3909,14,50
7881,Windsor,3909,14,50
7882,Windsor Downs,3909,14,50
7884,Wingecarribee,3909,14,50
7885,Wingham,3909,14,50
7886,Winmalee,3909,14,50
7888,Winston Hills,3909,14,50
7897,Wolli Creek,3909,14,50
7898,Wollondilly,3909,14,50
7899,Wollongbar,3909,14,50
7900,Wollongong,3909,14,50
7901,Wollongong city centre,3909,14,50
7902,Wollstonecraft,3909,14,50
7912,Woodberry,3909,14,50
7913,Woodbine,3909,14,50
7916,Woodcroft,3909,14,50
7920,Woodford,3909,14,50
7922,Woodpark,3909,14,50
7924,Woodrising,3909,14,50
7935,Woolgoolga,3909,14,50
7936,Woollahra,3909,14,50
7937,Woolloomooloo,3909,14,50
7939,Woolooware,3909,14,50
7942,Woongarrah,3909,14,50
7943,Woonona,3909,14,50
7951,Woronora,3909,14,50
7952,Woronora Heights,3909,14,50
7953,Worrigee,3909,14,50
7954,Woy Woy,3909,14,50
7967,Wyee,3909,14,50
7968,Wyee Point,3909,14,50
7976,Wyoming,3909,14,50
7977,Wyong,3909,14,50
7978,Wyongah,3909,14,50
7981,Yagoona,3909,14,50
149145,Yallah,3909,14,50
7989,Yamba,3909,14,50
8006,Yarravel,3909,14,50
8008,Yarrawarrah,3909,14,50
8011,Yass,3909,14,50
8012,Yass Valley,3909,14,50
8016,Yenda,3909,14,50
8017,Yennora,3909,14,50
8021,Yerrinbool,3909,14,50
8024,Yoogali,3909,14,50
8028,Young,3909,14,50
8030,Yowie Bay,3909,14,50
8033,Zetland,3909,14,50
3928,Alawa,3910,14,50
3957,Alice Springs,3910,14,50
3973,Alyangula,3910,14,50
3989,Anula,3910,14,50
3993,Araluen,3910,14,50
4067,Bakewell,3910,14,50
4121,Barkly,3910,14,50
4194,Bellamack,3910,14,50
4215,Belyuen,3910,14,50
4241,Berrimah,3910,14,50
4380,Braitling,3910,14,50
4409,Brinkin,3910,14,50
4651,Central Desert,3910,14,50
4761,Coconut Grove,3910,14,50
4814,Coomalie,3910,14,50
4846,Cossack,3910,14,50
4947,Darwin,3910,14,50
4982,Desert Springs,3910,14,50
5027,Driver,3910,14,50
5048,Durack,3910,14,50
5063,East Arnhem,3910,14,50
5094,East Side,3910,14,50
5216,Fannie Bay,3910,14,50
5218,Farrar,3910,14,50
5299,Galiwinku,3910,14,50
5333,Gillen,3910,14,50
5343,Girraween,3910,14,50
5443,Gray,3910,14,50
5482,Gunbalanya,3910,14,50
5486,Gunn,3910,14,50
5581,Herbert,3910,14,50
5640,Holtze,3910,14,50
5658,Howard Springs,3910,14,50
5666,Humpty Doo,3910,14,50
5712,Jabiru,3910,14,50
5738,Jingili,3910,14,50
5739,Johnston,3910,14,50
5784,Karama,3910,14,50
5797,Katherine,3910,14,50
5798,Katherine East,3910,14,50
5799,Katherine South,3910,14,50
5975,Larapinta,3910,14,50
5979,Larrakeyah,3910,14,50
5995,Leanyer,3910,14,50
6033,Litchfield,3910,14,50
6084,Ludmilla,3910,14,50
6094,Lyons,3910,14,50
6096,MacDonnell,3910,14,50
6133,Malak,3910,14,50
6149,Maningrida,3910,14,50
6191,Marrara,3910,14,50
6287,Milingimbi,3910,14,50
6297,Millner,3910,14,50
6336,Moil,3910,14,50
6403,Moulden,3910,14,50
6472,Muirhead,3910,14,50
6512,Nakara,3910,14,50
6582,Ngukurr,3910,14,50
6585,Nhulunbuy,3910,14,50
6592,Nightcliff,3910,14,50
6769,Palmerston,3910,14,50
6784,Parap,3910,14,50
6964,Rapid Creek,3910,14,50
7056,Roper Gulf,3910,14,50
7061,Rosebery,3910,14,50
7075,Ross,3910,14,50
7103,Sadadeen,3910,14,50
7369,Stuart Park,3910,14,50
7468,Tennant Creek,3910,14,50
7485,The Gap,3910,14,50
7521,Tiwi,3910,14,50
7522,Tiwi Islands,3910,14,50
7632,Victoria Daly,3910,14,50
7643,Virginia,3910,14,50
7649,Wadeye,3910,14,50
7650,Wagait,3910,14,50
7651,Wagaman,3910,14,50
7690,Wanguri,3910,14,50
7775,West Arnhem,3910,14,50
7925,Woodroffe,3910,14,50
7958,Wulagi,3910,14,50
7963,Wurrumiyanga,3910,14,50
8031,Yulara,3910,14,50
8036,Zuccoli,3910,14,50
3914,Acacia Ridge,3905,14,50
3922,Agnes Water,3905,14,50
3925,Airlie Beach,3905,14,50
3927,Aitkenvale,3905,14,50
3931,Albany Creek,3905,14,50
3942,Alderley,3905,14,50
3943,Aldershot,3905,14,50
3948,Alexandra Headland,3905,14,50
3949,Alexandra Hills,3905,14,50
3955,Algester,3905,14,50
3956,Alice River,3905,14,50
3963,Allenstown,3905,14,50
3964,Alligator Creek,3905,14,50
3965,Allora,3905,14,50
3969,Alton Downs,3905,14,50
3977,Andergrove,3905,14,50
3985,Annandale,3905,14,50
3987,Annerley,3905,14,50
3988,Anstead,3905,14,50
3994,Arana Hills,3905,14,50
4008,Aroona,3905,14,50
4010,Arundel,3905,14,50
4011,Ascot,3905,14,50
4024,Ashgrove,3905,14,50
4026,Ashmore,3905,14,50
4031,Aspley,3905,14,50
4034,Atherton,3905,14,50
4041,Auchenflower,3905,14,50
4044,Augustine Heights,3905,14,50
4045,Aurukun,3905,14,50
4052,Avenell Heights,3905,14,50
4054,Avoca,3905,14,50
4058,Ayr,3905,14,50
4059,Babinda,3905,14,50
4063,Bahrs Scrub,3905,14,50
4065,Bakers Creek,3905,14,50
4071,Bald Hills,3905,14,50
4087,Balmoral,3905,14,50
4089,Balonne Shire,3905,14,50
4093,Bamaga,3905,14,50
4094,Banana,3905,14,50
4100,Banksia Beach,3905,14,50
4106,Banyo,3905,14,50
4110,Barcaldine,3905,14,50
4111,Barcoo,3905,14,50
4114,Bardon,3905,14,50
4117,Barellan Point,3905,14,50
4118,Bargara,3905,14,50
4123,Barney Point,3905,14,50
4144,Battery Hill,3905,14,50
4156,Bayview Heights,3905,14,50
4158,Beachmere,3905,14,50
4163,Beaconsfield,3905,14,50
4165,Beaudesert,3905,14,50
4179,Beenleigh,3905,14,50
4180,Beerwah,3905,14,50
4187,Belgian Gardens,3905,14,50
4196,Bellara,3905,14,50
4198,Bellbird Park,3905,14,50
4199,Bellbowrie,3905,14,50
4206,Bellmere,3905,14,50
4208,Belmont,3905,14,50
4217,Benaraby,3905,14,50
4221,Benowa,3905,14,50
4226,Bentley Park,3905,14,50
4242,Berrinba,3905,14,50
4244,Berserker,3905,14,50
4258,Biggera Waters,3905,14,50
4261,Bilinga,3905,14,50
4263,Biloela,3905,14,50
4269,Birkdale,3905,14,50
4273,Birtinya,3905,14,50
4277,Black Mountain,3905,14,50
4278,Black River,3905,14,50
4280,Blackall,3905,14,50
4281,Blackall Tambo,3905,14,50
4290,Blacks Beach,3905,14,50
4295,Blackwater,3905,14,50
4305,Bli Bli,3905,14,50
4311,Bluewater,3905,14,50
4319,Bohle Plains,3905,14,50
4320,Bokarina,3905,14,50
4329,Bongaree,3905,14,50
4336,Bonogin,3905,14,50
4339,Booie,3905,14,50
4341,Boonah,3905,14,50
4342,Boondall,3905,14,50
4345,Booral,3905,14,50
4347,Booval,3905,14,50
4350,Boronia Heights,3905,14,50
4357,Bouldercombe,3905,14,50
4358,Boulia,3905,14,50
4362,Bowen,3905,14,50
4363,Bowen Hills,3905,14,50
4372,Boyne Island,3905,14,50
4375,Bracken Ridge,3905,14,50
4381,Brandon,3905,14,50
4383,Branyan,3905,14,50
4384,Brassall,3905,14,50
4385,Bray Park,3905,14,50
4389,Brendale,3905,14,50
4394,Bridgeman Downs,3905,14,50
4402,Brighton,3905,14,50
4410,Brinsmead,3905,14,50
4411,Brisbane,3905,14,50
4412,Broadbeach,3905,14,50
4413,Broadbeach Waters,3905,14,50
4426,Brookfield,3905,14,50
4431,Brookwater,3905,14,50
4443,Bucasia,3905,14,50
4444,Bucca,3905,14,50
4445,Buccan,3905,14,50
4446,Buddina,3905,14,50
4447,Buderim,3905,14,50
4452,Bulimba,3905,14,50
4457,Bulloo,3905,14,50
4461,Bundaberg,3905,14,50
4462,Bundaberg East,3905,14,50
4463,Bundaberg North,3905,14,50
4464,Bundaberg South,3905,14,50
4465,Bundaberg West,3905,14,50
4466,Bundall,3905,14,50
4467,Bundamba,3905,14,50
4471,Bungalow,3905,14,50
4475,Bunya,3905,14,50
4477,Burbank,3905,14,50
4478,Burdekin,3905,14,50
4479,Burdell,3905,14,50
4480,Burke,3905,14,50
4481,Burleigh Heads,3905,14,50
4482,Burleigh Waters,3905,14,50
4483,Burnett Heads,3905,14,50
4488,Burnside,3905,14,50
4491,Burpengary,3905,14,50
4492,Burpengary East,3905,14,50
4497,Burrum Heads,3905,14,50
4504,Bushland Beach,3905,14,50
4515,Cabarlah,3905,14,50
4518,Caboolture,3905,14,50
4519,Caboolture South,3905,14,50
4524,Cairns,3905,14,50
4525,Cairns City,3905,14,50
4526,Cairns North,3905,14,50
4528,Calamvale,3905,14,50
4533,Calliope,3905,14,50
4534,Caloundra,3905,14,50
4535,Caloundra West,3905,14,50
4539,Cambooya,3905,14,50
4550,Camira,3905,14,50
4552,Camp Hill,3905,14,50
4553,Camp Mountain,3905,14,50
4572,Cannon Hill,3905,14,50
4573,Cannonvale,3905,14,50
4578,Canungra,3905,14,50
4579,Capalaba,3905,14,50
4582,Capella,3905,14,50
4583,Caravonica,3905,14,50
4584,Carbrook,3905,14,50
4590,Cardwell,3905,14,50
4592,Carina Heights,3905,14,50
4593,Carindale,3905,14,50
4608,Carpentaria,3905,14,50
4611,Carrara,3905,14,50
4616,Carseldine,3905,14,50
4622,Cashmere,3905,14,50
4624,Cassowary Coast,3905,14,50
4644,Cedar Grove,3905,14,50
4645,Cedar Vale,3905,14,50
4647,Centenary Heights,3905,14,50
4654,Central Highlands,3905,14,50
4658,Chambers Flat,3905,14,50
4660,Chandler,3905,14,50
4661,Chapel Hill,3905,14,50
4666,Charleville,3905,14,50
4670,Charters Towers,3905,14,50
4671,Charters Towers City,3905,14,50
4674,Chatsworth,3905,14,50
4675,Chelmer,3905,14,50
4680,Cherbourg,3905,14,50
4681,Chermside,3905,14,50
4682,Chermside West,3905,14,50
4690,Childers,3905,14,50
4692,Chinchilla,3905,14,50
4703,Churchill,3905,14,50
4706,Chuwar,3905,14,50
4728,Clayfield,3905,14,50
4732,Clear Island Waters,3905,14,50
4735,Clermont,3905,14,50
4737,Cleveland,3905,14,50
4738,Clifton,3905,14,50
4739,Clifton Beach,3905,14,50
4742,Clinton,3905,14,50
4743,Cloncurry,3905,14,50
4744,Clontarf,3905,14,50
4762,Coes Creek,3905,14,50
4776,Collingwood Park,3905,14,50
4777,Collinsville,3905,14,50
4789,Condon,3905,14,50
4796,Cooee Bay,3905,14,50
4800,Cook Shire,3905,14,50
4802,Cooktown,3905,14,50
4805,Coolangatta,3905,14,50
4810,Cooloola Cove,3905,14,50
4812,Coolum Beach,3905,14,50
4815,Coombabah,3905,14,50
4817,Coomera,3905,14,50
4818,Coominya,3905,14,50
4821,Coopers Plains,3905,14,50
4822,Cooran,3905,14,50
4824,Cooroibah,3905,14,50
4826,Cooroy,3905,14,50
4827,Coorparoo,3905,14,50
4830,Coppabella,3905,14,50
4833,Coral Cove,3905,14,50
4836,Corinda,3905,14,50
4840,Cornubia,3905,14,50
4847,Cotswold Hills,3905,14,50
4861,Craiglie,3905,14,50
4863,Craignish,3905,14,50
4870,Cranbrook,3905,14,50
4872,Cranley,3905,14,50
4879,Crestmead,3905,14,50
4888,Crows Nest,3905,14,50
4891,Croydon,3905,14,50
4905,Cunnamulla,3905,14,50
4907,Curra,3905,14,50
4908,Currajong,3905,14,50
4912,Currimundi,3905,14,50
4913,Currumbin,3905,14,50
4914,Currumbin Valley,3905,14,50
4915,Currumbin Waters,3905,14,50
5054,D’Aguilar,3905,14,50
4920,Daisy Hill,3905,14,50
4921,Dakabin,3905,14,50
4922,Dalby,3905,14,50
4939,Darling Heights,3905,14,50
4946,Darra,3905,14,50
4953,Dayboro,3905,14,50
4956,Deagon,3905,14,50
4959,Deception Bay,3905,14,50
4961,Deebing Heights,3905,14,50
4963,Deeragun,3905,14,50
4966,Delaneys Creek,3905,14,50
4976,Depot Hill,3905,14,50
4986,Diamantina,3905,14,50
4990,Dicky Beach,3905,14,50
4991,Diddillibah,3905,14,50
4994,Dimbulah,3905,14,50
5008,Doolandella,3905,14,50
5009,Doomadgee,3905,14,50
5010,Doonan,3905,14,50
5018,Douglas,3905,14,50
5025,Drayton,3905,14,50
5026,Drewvale,3905,14,50
5043,Dundowran Beach,3905,14,50
5049,Durack,3905,14,50
5051,Dutton Park,3905,14,50
5053,Dysart,3905,14,50
149309,Eagle Farm,3905,14,50
5057,Eagleby,3905,14,50
5060,Earlville,3905,14,50
5068,East Brisbane,3905,14,50
5079,East Innisfail,3905,14,50
5080,East Ipswich,3905,14,50
5088,East Mackay,3905,14,50
5096,East Toowoomba,3905,14,50
5098,Eastern Heights,3905,14,50
5102,Eatons Hill,3905,14,50
5109,Edens Landing,3905,14,50
5111,Edge Hill,3905,14,50
5117,Edmonton,3905,14,50
5121,Eight Mile Plains,3905,14,50
5122,Eimeo,3905,14,50
5123,Elanora,3905,14,50
5128,Eli Waters,3905,14,50
5129,Elimbah,3905,14,50
5140,Ellen Grove,3905,14,50
5143,Elliott Heads,3905,14,50
5151,Emerald,3905,14,50
5156,Emu Park,3905,14,50
5163,Enoggera,3905,14,50
5174,Esk,3905,14,50
5182,Etheridge,3905,14,50
5185,Eudlo,3905,14,50
5188,Eumundi,3905,14,50
5199,Everton Hills,3905,14,50
5200,Everton Park,3905,14,50
5207,Fairfield,3905,14,50
5228,Fernvale,3905,14,50
5230,Ferny Grove,3905,14,50
5231,Ferny Hills,3905,14,50
5233,Fig Tree Pocket,3905,14,50
5240,Fitzgibbon,3905,14,50
5249,Flinders,3905,14,50
5253,Flinders View,3905,14,50
5262,Forest Glen,3905,14,50
5265,Forest Lake,3905,14,50
5267,Forestdale,3905,14,50
5275,Fortitude Valley,3905,14,50
5285,Fraser Coast,3905,14,50
5291,Frenchville,3905,14,50
5293,Freshwater,3905,14,50
5298,Gailes,3905,14,50
5302,Garbutt,3905,14,50
5308,Gatton,3905,14,50
5309,Gaven,3905,14,50
5313,Gayndah,3905,14,50
5314,Gaythorne,3905,14,50
5315,Geebung,3905,14,50
5337,Gilston,3905,14,50
5338,Gin Gin,3905,14,50
5347,Gladstone,3905,14,50
5348,Gladstone Central,3905,14,50
5352,Glass House Mountains,3905,14,50
5355,Glen Eden,3905,14,50
5370,Gleneagle,3905,14,50
5376,Glenella,3905,14,50
5391,Glenvale,3905,14,50
5392,Glenview,3905,14,50
5400,Gold Coast,3905,14,50
5402,Golden Beach,3905,14,50
5407,Gooburrum,3905,14,50
5408,Goodna,3905,14,50
5415,Goondiwindi,3905,14,50
5421,Gordon Park,3905,14,50
5422,Gordonvale,3905,14,50
5430,Gowrie Junction,3905,14,50
5432,Gracemere,3905,14,50
5433,Graceville,3905,14,50
5436,Grange,3905,14,50
5440,Granville,3905,14,50
5453,Greenbank,3905,14,50
5459,Greenslopes,3905,14,50
5470,Griffin,3905,14,50
5479,Gulliver,3905,14,50
5481,Gumdale,3905,14,50
5495,Gympie,3905,14,50
5496,Gympie Regional Council,3905,14,50
5513,Hamilton,3905,14,50
5526,Harlaxton,3905,14,50
5532,Harristown,3905,14,50
5536,Hatton Vale,3905,14,50
5546,Hawthorne,3905,14,50
5548,Hay Point,3905,14,50
5555,Healy,3905,14,50
5561,Heathwood,3905,14,50
5562,Heatley,3905,14,50
5572,Helensvale,3905,14,50
5573,Helidon,3905,14,50
5574,Hemmant,3905,14,50
5575,Hendra,3905,14,50
5583,Heritage Park,3905,14,50
5584,Hermit Park,3905,14,50
5587,Herston,3905,14,50
5588,Hervey Bay,3905,14,50
5596,Highfields,3905,14,50
5599,Highgate Hill,3905,14,50
5600,Highland Park,3905,14,50
5602,Highvale,3905,14,50
5608,Hillcrest,3905,14,50
5616,Hinchinbrook,3905,14,50
5626,Hodgson Vale,3905,14,50
5631,Holland Park,3905,14,50
5632,Holland Park West,3905,14,50
5633,Holloways Beach,3905,14,50
5634,Hollywell,3905,14,50
5636,Holmview,3905,14,50
5641,Home Hill,3905,14,50
5644,Hope Island,3905,14,50
5645,Hope Vale,3905,14,50
5657,Howard,3905,14,50
5662,Hughenden,3905,14,50
5679,Hyde Park,3905,14,50
5681,Idalia,3905,14,50
5685,Inala,3905,14,50
5688,Indooroopilly,3905,14,50
5689,Ingham,3905,14,50
5694,Innes Park,3905,14,50
5695,Innisfail,3905,14,50
5696,Innisfail Estate,3905,14,50
5702,Ipswich,3905,14,50
5706,Isaac,3905,14,50
5715,Jacobs Well,3905,14,50
5717,Jamboree Heights,3905,14,50
5722,Jandowae,3905,14,50
5726,Jensen,3905,14,50
5733,Jimboomba,3905,14,50
5736,Jindalee,3905,14,50
5745,Joyner,3905,14,50
5746,Jubilee Pocket,3905,14,50
5747,Julatten,3905,14,50
5756,Kalbar,3905,14,50
5762,Kalinga,3905,14,50
5763,Kalkie,3905,14,50
5764,Kallangur,3905,14,50
5771,Kamerunga,3905,14,50
5777,Kangaroo Point,3905,14,50
5778,Kanimbla,3905,14,50
5783,Karalee,3905,14,50
5785,Karana Downs,3905,14,50
5795,Karumba,3905,14,50
5801,Kawana,3905,14,50
5802,Kawungan,3905,14,50
5804,Kearneys Spring,3905,14,50
5806,Kedron,3905,14,50
5819,Kelso,3905,14,50
5820,Kelvin Grove,3905,14,50
5824,Kenmore,3905,14,50
5825,Kenmore Hills,3905,14,50
5830,Kensington Grove,3905,14,50
5837,Keperra,3905,14,50
5838,Kepnock,3905,14,50
5844,Kewarra Beach,3905,14,50
5854,Kilcoy,3905,14,50
5863,Kin Kora,3905,14,50
5866,Kingaroy,3905,14,50
5870,Kings Beach,3905,14,50
5881,Kingsthorpe,3905,14,50
5885,Kingston,3905,14,50
5892,Kippa-Ring,3905,14,50
5893,Kirkwood,3905,14,50
5896,Kirwan,3905,14,50
5897,Kleinton,3905,14,50
5908,Koongal,3905,14,50
5909,Kooralbyn,3905,14,50
5919,Kowanyama,3905,14,50
5922,Kuluin,3905,14,50
5924,Kuraby,3905,14,50
5925,Kuranda,3905,14,50
5932,Kurwongbah,3905,14,50
5938,Labrador,3905,14,50
5940,Laidley,3905,14,50
5949,Lake Macdonald,3905,14,50
5962,Lammermoor,3905,14,50
5964,Landsborough,3905,14,50
5991,Lawnton,3905,14,50
6001,Leichhardt,3905,14,50
6038,Little Mountain,3905,14,50
6046,Lockhart River,3905,14,50
6050,Lockyer Valley,3905,14,50
6053,Logan,3905,14,50
6054,Logan Central,3905,14,50
6055,Logan City,3905,14,50
6056,Logan Reserve,3905,14,50
6057,Logan Village,3905,14,50
6058,Loganholme,3905,14,50
6059,Loganlea,3905,14,50
6066,Longreach,3905,14,50
6071,Lota,3905,14,50
6073,Lower Beechmont,3905,14,50
6079,Lowood,3905,14,50
6088,Lutwyche,3905,14,50
6101,Macgregor,3905,14,50
6103,Machans Beach,3905,14,50
6104,Mackay,3905,14,50
6105,Mackay City,3905,14,50
6106,Mackenzie,3905,14,50
6109,Macleay Island,3905,14,50
6123,Magnetic Island,3905,14,50
6127,Main Beach,3905,14,50
6134,Malanda,3905,14,50
6136,Maleny,3905,14,50
6146,Mango Hill,3905,14,50
6153,Manly West,3905,14,50
6159,Manoora,3905,14,50
6160,Mansfield,3905,14,50
6163,Manunda,3905,14,50
6164,Mapleton,3905,14,50
6165,Mapoon,3905,14,50
6168,Maranoa,3905,14,50
6172,Marcoola,3905,14,50
6175,Mareeba,3905,14,50
6178,Margate,3905,14,50
6179,Marian,3905,14,50
6187,Maroochy River,3905,14,50
6188,Maroochydore,3905,14,50
6193,Marsden,3905,14,50
6198,Maryborough,3905,14,50
6204,Maudsland,3905,14,50
6215,McDowall,3905,14,50
6219,McKinlay,3905,14,50
6227,Meadowbrook,3905,14,50
6249,Menzies,3905,14,50
6253,Meridan Plains,3905,14,50
6255,Meringandan West,3905,14,50
6256,Mermaid Beach,3905,14,50
6257,Mermaid Waters,3905,14,50
6260,Merrimac,3905,14,50
6267,Miami,3905,14,50
6274,Middle Park,3905,14,50
6275,Middle Ridge,3905,14,50
6277,Middlemount,3905,14,50
6286,Miles,3905,14,50
6290,Millbank,3905,14,50
6296,Millmerran,3905,14,50
6298,Millstream,3905,14,50
6304,Milton,3905,14,50
6307,Minden,3905,14,50
6312,Minyama,3905,14,50
6315,Mirani,3905,14,50
6318,Mission Beach,3905,14,50
6319,Mission River,3905,14,50
6323,Mitchell,3905,14,50
6326,Mitchelton,3905,14,50
6334,Moffat Beach,3905,14,50
6335,Moggill,3905,14,50
6338,Molendinar,3905,14,50
6347,Monkland,3905,14,50
6353,Monto,3905,14,50
6356,Montville,3905,14,50
6358,Mooloolaba,3905,14,50
6369,Moore Park Beach,3905,14,50
6371,Mooroobool,3905,14,50
6373,Moorooka,3905,14,50
6376,Moranbah,3905,14,50
6378,Morayfield,3905,14,50
6383,Moreton Bay,3905,14,50
6386,Morningside,3905,14,50
6388,Mornington,3905,14,50
6402,Mossman,3905,14,50
6414,Mount Coolum,3905,14,50
6415,Mount Cotton,3905,14,50
6416,Mount Crosby,3905,14,50
6423,Mount Gravatt,3905,14,50
6424,Mount Gravatt East,3905,14,50
6429,Mount Isa,3905,14,50
6435,Mount Lofty,3905,14,50
6436,Mount Louisa,3905,14,50
6437,Mount Low,3905,14,50
6443,Mount Morgan,3905,14,50
6445,Mount Nathan,3905,14,50
6447,Mount Ommaney,3905,14,50
6451,Mount Pleasant,3905,14,50
6458,Mount Sheridan,3905,14,50
6462,Mount Warren Park,3905,14,50
6465,Mountain Creek,3905,14,50
6466,Moura,3905,14,50
6470,Mudgeeraba,3905,14,50
6471,Mudjimba,3905,14,50
6474,Mulambin,3905,14,50
6482,Mundingburra,3905,14,50
6483,Mundoolun,3905,14,50
6484,Mundubbera,3905,14,50
6487,Munruben,3905,14,50
6489,Murarrie,3905,14,50
6492,Murgon,3905,14,50
6494,Murray,3905,14,50
6497,Murrumba Downs,3905,14,50
6501,Murweh,3905,14,50
6513,Nambour,3905,14,50
6518,Nanango,3905,14,50
6520,Nanum,3905,14,50
6521,Napranum,3905,14,50
6524,Narangba,3905,14,50
6544,Nathan,3905,14,50
6545,Nebo,3905,14,50
6548,Nelly Bay,3905,14,50
6550,Nerang,3905,14,50
6554,New Auckland,3905,14,50
6555,New Beith,3905,14,50
6556,New Farm,3905,14,50
6570,Newmarket,3905,14,50
6574,Newport,3905,14,50
6576,Newstead,3905,14,50
6579,Newtown,3905,14,50
6595,Ninderry,3905,14,50
6596,Ningi,3905,14,50
6601,Nome,3905,14,50
6602,Noosa Heads,3905,14,50
6603,Noosaville,3905,14,50
6607,Norman Gardens,3905,14,50
6608,Norman Park,3905,14,50
6610,Normanton,3905,14,50
6620,North Booval,3905,14,50
6623,North Burnett,3905,14,50
6633,North Ipswich,3905,14,50
6635,North Lakes,3905,14,50
6637,North Mackay,3905,14,50
6638,North Maclean,3905,14,50
6653,North Toowoomba,3905,14,50
6656,North Ward,3905,14,50
6669,Northern Peninsula Area,3905,14,50
6673,Norville,3905,14,50
6681,Nudgee,3905,14,50
6686,Nundah,3905,14,50
6698,Oakey,3905,14,50
6700,Oakhurst,3905,14,50
6722,One Mile,3905,14,50
6727,Oonoonba,3905,14,50
6728,Ooralea,3905,14,50
6737,Ormeau,3905,14,50
6738,Ormeau Hills,3905,14,50
6739,Ormiston,3905,14,50
6747,Oxenford,3905,14,50
6748,Oxley,3905,14,50
6754,Pacific Paradise,3905,14,50
6755,Pacific Pines,3905,14,50
6758,Paddington,3905,14,50
6765,Palm Beach,3905,14,50
6767,Palm Cove,3905,14,50
6768,Palm Island,3905,14,50
6771,Palmwoods,3905,14,50
6781,Paradise Point,3905,14,50
6786,Park Avenue,3905,14,50
6790,Park Ridge,3905,14,50
6791,Park Ridge South,3905,14,50
6795,Parkhurst,3905,14,50
6796,Parkinson,3905,14,50
6798,Parkside,3905,14,50
6801,Parkwood,3905,14,50
6804,Paroo,3905,14,50
6806,Parramatta Park,3905,14,50
6807,Parrearra,3905,14,50
6815,Peachester,3905,14,50
6824,Pelican Waters,3905,14,50
6836,Peregian Beach,3905,14,50
6837,Peregian Springs,3905,14,50
6845,Petrie,3905,14,50
6846,Petrie Terrace,3905,14,50
6850,Pialba,3905,14,50
6855,Pie Creek,3905,14,50
6856,Pimlico,3905,14,50
6857,Pimpama,3905,14,50
6858,Pine Mountain,3905,14,50
6861,Pioneer,3905,14,50
6863,Pittsworth,3905,14,50
6864,Plainland,3905,14,50
6877,Point Vernon,3905,14,50
6879,Pomona,3905,14,50
6881,Pormpuraaw,3905,14,50
6888,Port Douglas,3905,14,50
6921,Proserpine,3905,14,50
6926,Pullenvale,3905,14,50
6945,Queenton,3905,14,50
6946,Quilpie,3905,14,50
6952,Raceview,3905,14,50
6954,Railway Estate,3905,14,50
6955,Rainbow Beach,3905,14,50
6960,Rangeville,3905,14,50
6962,Rangewood,3905,14,50
6965,Rasmussen,3905,14,50
6968,Ravenshoe,3905,14,50
6976,Red Hill,3905,14,50
6979,Redbank,3905,14,50
6980,Redbank Plains,3905,14,50
6984,Redland,3905,14,50
6985,Redland Bay,3905,14,50
6986,Redlynch,3905,14,50
6988,Reedy Creek,3905,14,50
6989,Regency Downs,3905,14,50
6991,Regents Park,3905,14,50
7005,Richlands,3905,14,50
7008,Richmond,3905,14,50
7022,River Heads,3905,14,50
7023,Riverhills,3905,14,50
7028,Riverview,3905,14,50
7033,Robertson,3905,14,50
7035,Robina,3905,14,50
7037,Rochedale,3905,14,50
7038,Rochedale South,3905,14,50
7043,Rockhampton,3905,14,50
7046,Rocklea,3905,14,50
7047,Rockville,3905,14,50
7052,Roma,3905,14,50
7068,Rosemount,3905,14,50
7069,Rosenthal Heights,3905,14,50
7074,Rosewood,3905,14,50
7077,Rosslea,3905,14,50
7081,Rothwell,3905,14,50
7089,Runaway Bay,3905,14,50
7090,Runcorn,3905,14,50
7091,Rural View,3905,14,50
7095,Russell Island,3905,14,50
7105,Sadliers Crossing,3905,14,50
7120,Salisbury,3905,14,50
7129,Samford Valley,3905,14,50
7135,Sandgate,3905,14,50
7140,Sandstone Point,3905,14,50
7146,Sarina,3905,14,50
7150,Scarborough,3905,14,50
7151,Scarness,3905,14,50
7152,Scenic Rim,3905,14,50
7183,Seven Hills,3905,14,50
7186,Seventeen Mile Rocks,3905,14,50
7190,Shailer Park,3905,14,50
7193,Sharon,3905,14,50
7197,Sheldon,3905,14,50
7210,Shorncliffe,3905,14,50
7212,Silkstone,3905,14,50
7221,Sinnamon Park,3905,14,50
7222,Sippy Downs,3905,14,50
7225,Slacks Creek,3905,14,50
7226,Slade Point,3905,14,50
7236,Soldiers Hill,3905,14,50
7241,Somerset,3905,14,50
7253,South Brisbane,3905,14,50
7255,South Burnett,3905,14,50
7260,South Gladstone,3905,14,50
7270,South Kolan,3905,14,50
7274,South Mackay,3905,14,50
7275,South Maclean,3905,14,50
7284,South Toowoomba,3905,14,50
7285,South Townsville,3905,14,50
7293,Southern Downs,3905,14,50
7298,Southport,3905,14,50
7299,Southside,3905,14,50
7308,Spring Hill,3905,14,50
7310,Springfield,3905,14,50
7311,Springfield Lakes,3905,14,50
7312,Springsure,3905,14,50
7316,Springwood,3905,14,50
7322,St George,3905,14,50
7339,Stafford,3905,14,50
7340,Stafford Heights,3905,14,50
7343,Stanthorpe,3905,14,50
7364,Strathpine,3905,14,50
7367,Stretton,3905,14,50
7368,Stuart,3905,14,50
7377,Sun Valley,3905,14,50
7379,Sunnybank,3905,14,50
7380,Sunnybank Hills,3905,14,50
7381,Sunrise Beach,3905,14,50
7382,Sunset,3905,14,50
7386,Sunshine Beach,3905,14,50
7387,Sunshine Coast,3905,14,50
7391,Surfers Paradise,3905,14,50
7400,Svensson Heights,3905,14,50
7415,Taigum,3905,14,50
7417,Tallai,3905,14,50
7419,Tallebudgera,3905,14,50
7420,Tallebudgera Valley,3905,14,50
7422,Tamborine,3905,14,50
7423,Tamborine Mountain,3905,14,50
7427,Tanah Merah,3905,14,50
7428,Tanawha,3905,14,50
7430,Tannum Sands,3905,14,50
7434,Tara,3905,14,50
7435,Taranganba,3905,14,50
7439,Taringa,3905,14,50
7442,Tarragindi,3905,14,50
7459,Telina,3905,14,50
7467,Teneriffe,3905,14,50
7478,Tewantin,3905,14,50
7479,Thabeban,3905,14,50
7484,The Gap,3905,14,50
7486,The Gemfields,3905,14,50
7493,The Range,3905,14,50
7504,Thorneside,3905,14,50
7505,Thornlands,3905,14,50
7511,Thursday Island,3905,14,50
7512,Tieri,3905,14,50
7515,Tin Can Bay,3905,14,50
7516,Tinana,3905,14,50
7517,Tingalpa,3905,14,50
7520,Tivoli,3905,14,50
7524,Tolga,3905,14,50
7531,Toogoolawah,3905,14,50
7532,Toogoom,3905,14,50
7539,Toowong,3905,14,50
7540,Toowoomba,3905,14,50
7542,Torquay,3905,14,50
7547,Torres,3905,14,50
7548,Torres Strait Island Region,3905,14,50
7550,Townsville,3905,14,50
7551,Townview,3905,14,50
7565,Trinity Beach,3905,14,50
7567,Trinity Park,3905,14,50
7570,Trunding,3905,14,50
7573,Tugun,3905,14,50
7575,Tully,3905,14,50
7593,Twin Waters,3905,14,50
7603,Underwood,3905,14,50
7607,Upper Caboolture,3905,14,50
7608,Upper Coomera,3905,14,50
7611,Upper Kedron,3905,14,50
7613,Upper Mount Gravatt,3905,14,50
7616,Urangan,3905,14,50
7617,Urraween,3905,14,50
7626,Varsity Lakes,3905,14,50
7635,Victoria Point,3905,14,50
7639,Vincent,3905,14,50
7644,Virginia,3905,14,50
7647,Wacol,3905,14,50
7662,Wakerley,3905,14,50
7665,Walkerston,3905,14,50
7666,Walkervale,3905,14,50
7675,Walloon,3905,14,50
7679,Wamuran,3905,14,50
7680,Wandal,3905,14,50
7686,Wandoan,3905,14,50
7698,Warana,3905,14,50
7707,Warner,3905,14,50
7725,Warwick,3905,14,50
7730,Waterford West,3905,14,50
7746,Wavell Heights,3905,14,50
7754,Weipa,3905,14,50
7756,Wellesley Islands,3905,14,50
7759,Wellington Point,3905,14,50
7784,West End,3905,14,50
7786,West Gladstone,3905,14,50
7798,West Mackay,3905,14,50
7805,West Rockhampton,3905,14,50
7814,West Woombye,3905,14,50
7817,Westbrook,3905,14,50
7819,Westcourt,3905,14,50
7821,Western Downs,3905,14,50
7822,Westlake,3905,14,50
7835,White Rock,3905,14,50
7838,Whitfield,3905,14,50
7839,Whitsunday,3905,14,50
7840,Whitsundays,3905,14,50
7865,Willow Vale,3905,14,50
7866,Willowbank,3905,14,50
7869,Wilsonton,3905,14,50
7870,Wilsonton Heights,3905,14,50
7871,Wilston,3905,14,50
7877,Windaroo,3905,14,50
7880,Windsor,3905,14,50
7887,Winston,3905,14,50
7890,Winton,3905,14,50
7891,Wishart,3905,14,50
7892,Withcott,3905,14,50
7894,Witta,3905,14,50
7903,Wondai,3905,14,50
7904,Wondunna,3905,14,50
7906,Wongaling Beach,3905,14,50
7908,Wongawallan,3905,14,50
7918,Woodend,3905,14,50
7919,Woodford,3905,14,50
7921,Woodgate,3905,14,50
7923,Woodridge,3905,14,50
7934,Woody Point,3905,14,50
7938,Woolloongabba,3905,14,50
7940,Wooloowin,3905,14,50
7941,Woombye,3905,14,50
7944,Woorabinda,3905,14,50
7946,Woorim,3905,14,50
7949,Woree,3905,14,50
7950,Worongary,3905,14,50
7957,Wujal Wujal,3905,14,50
7959,Wulguru,3905,14,50
7960,Wulkuraka,3905,14,50
7964,Wurtulla,3905,14,50
7973,Wynnum,3905,14,50
7974,Wynnum West,3905,14,50
7979,Wyreema,3905,14,50
7988,Yamanto,3905,14,50
7991,Yandina,3905,14,50
7994,Yaroomba,3905,14,50
7999,Yarrabah,3905,14,50
8000,Yarrabilba,3905,14,50
8004,Yarraman,3905,14,50
8013,Yatala,3905,14,50
8015,Yeerongpilly,3905,14,50
8018,Yeppoon,3905,14,50
8019,Yeppoon city centre,3905,14,50
8020,Yeronga,3905,14,50
8027,Yorkeys Knob,3905,14,50
8032,Yungaburra,3905,14,50
8034,Zillmere,3905,14,50
8035,Zilzie,3905,14,50
3910,Aberfoyle Park,3904,14,50
3919,Adelaide,3904,14,50
3921,Adelaide city centre,3904,14,50
3920,Adelaide Hills,3904,14,50
3933,Albert Park,3904,14,50
3935,Alberton,3904,14,50
3944,Aldgate,3904,14,50
3945,Aldinga Beach,3904,14,50
3951,Alexandrina,3904,14,50
3962,Allenby Gardens,3904,14,50
3976,Anangu Pitjantjatjara,3904,14,50
3978,Andrews Farm,3904,14,50
3979,Angaston,3904,14,50
3980,Angle Park,3904,14,50
3981,Angle Vale,3904,14,50
4001,Ardrossan,3904,14,50
4014,Ascot Park,3904,14,50
4023,Ashford,3904,14,50
4033,Athelstone,3904,14,50
4035,Athol Park,3904,14,50
4069,Balaklava,3904,14,50
4077,Balhannah,3904,14,50
4102,Banksia Park,3904,14,50
4122,Barmera,3904,14,50
4126,Barossa,3904,14,50
4130,Barunga West,3904,14,50
4168,Beaumont,3904,14,50
4173,Bedford Park,3904,14,50
4183,Belair,3904,14,50
4202,Bellevue Heights,3904,14,50
4236,Berri,3904,14,50
4237,Berri and Barmera,3904,14,50
4247,Beulah Park,3904,14,50
4250,Beverley,3904,14,50
4268,Birdwood,3904,14,50
4270,Birkenhead,3904,14,50
4275,Black Forest,3904,14,50
4296,Blackwood,3904,14,50
4297,Blair Athol,3904,14,50
4301,Blakeview,3904,14,50
4348,Bordertown,3904,14,50
4378,Brahma Lodge,3904,14,50
4397,Bridgewater,3904,14,50
4401,Brighton,3904,14,50
4417,Broadview,3904,14,50
4422,Brompton,3904,14,50
4428,Brooklyn Park,3904,14,50
4486,Burnside,3904,14,50
4493,Burra,3904,14,50
4499,Burton,3904,14,50
4546,Camden Park,3904,14,50
4559,Campbelltown,3904,14,50
4646,Ceduna,3904,14,50
4664,Charles Sturt,3904,14,50
4678,Cheltenham,3904,14,50
4701,Christie Downs,3904,14,50
4702,Christies Beach,3904,14,50
4713,City of West Torrens,3904,14,50
4714,Clapham,3904,14,50
4715,Clare,3904,14,50
4716,Clare and Gilbert Valleys,3904,14,50
4721,Clarence Gardens,3904,14,50
4722,Clarence Park,3904,14,50
4733,Clearview,3904,14,50
4736,Cleve,3904,14,50
4747,Clovelly Park,3904,14,50
4778,Collinswood,3904,14,50
4780,Colonel Light Gardens,3904,14,50
4794,Coober Pedy,3904,14,50
4831,Copper Coast,3904,14,50
4841,Coromandel Valley,3904,14,50
4850,Cowandilla,3904,14,50
4852,Cowell,3904,14,50
4856,Crafers,3904,14,50
4857,Crafers West,3904,14,50
4858,Craigburn Farm,3904,14,50
4862,Craigmore,3904,14,50
4894,Croydon Park,3904,14,50
4896,Crystal Brook,3904,14,50
4902,Cumberland Park,3904,14,50
4942,Darlington,3904,14,50
4950,Davoren Park,3904,14,50
4951,Daw Park,3904,14,50
4979,Dernancourt,3904,14,50
5020,Dover Gardens,3904,14,50
5037,Dulwich,3904,14,50
5104,Echunga,3904,14,50
5107,Eden Hills,3904,14,50
5118,Edwardstown,3904,14,50
5131,Elizabeth Downs,3904,14,50
5132,Elizabeth East,3904,14,50
5133,Elizabeth Grove,3904,14,50
5135,Elizabeth North,3904,14,50
5136,Elizabeth Park,3904,14,50
5137,Elizabeth South,3904,14,50
5138,Elizabeth Vale,3904,14,50
5144,Elliston,3904,14,50
5158,Encounter Bay,3904,14,50
5160,Enfield,3904,14,50
5168,Erindale,3904,14,50
5181,Ethelton,3904,14,50
5192,Evandale,3904,14,50
5194,Evanston,3904,14,50
5195,Evanston Gardens,3904,14,50
5196,Evanston Park,3904,14,50
5198,Everard Park,3904,14,50
5201,Exeter,3904,14,50
5212,Fairview Park,3904,14,50
5222,Felixstow,3904,14,50
5232,Ferryden Park,3904,14,50
5235,Findon,3904,14,50
5238,Firle,3904,14,50
5245,Flagstaff Hill,3904,14,50
5251,Flinders Park,3904,14,50
5252,Flinders Ranges,3904,14,50
5268,Forestville,3904,14,50
5279,Franklin Harbour,3904,14,50
5287,Freeling,3904,14,50
5294,Fulham,3904,14,50
5295,Fulham Gardens,3904,14,50
5296,Fullarton,3904,14,50
5310,Gawler,3904,14,50
5311,Gawler East,3904,14,50
5312,Gawler South,3904,14,50
5331,Gilberton,3904,14,50
5334,Gilles Plains,3904,14,50
5351,Glandore,3904,14,50
5363,Glen Osmond,3904,14,50
5365,Glenalta,3904,14,50
5371,Glenelg,3904,14,50
5373,Glenelg East,3904,14,50
5374,Glenelg North,3904,14,50
5375,Glenelg South,3904,14,50
5381,Glengowrie,3904,14,50
5389,Glenside,3904,14,50
5390,Glenunga,3904,14,50
5396,Glynde,3904,14,50
5403,Golden Grove,3904,14,50
5410,Goodwood,3904,14,50
5412,Goolwa,3904,14,50
5413,Goolwa Beach,3904,14,50
5431,Goyder,3904,14,50
5435,Grange,3904,14,50
5437,Grant,3904,14,50
5452,Greenacres,3904,14,50
5457,Greenock,3904,14,50
5464,Greenwith,3904,14,50
5477,Gulfview Heights,3904,14,50
5499,Hackham,3904,14,50
5500,Hackham West,3904,14,50
5504,Hahndorf,3904,14,50
5507,Hallett Cove,3904,14,50
5519,Hampstead Gardens,3904,14,50
5525,Happy Valley,3904,14,50
5542,Hawthorn,3904,14,50
5545,Hawthorndene,3904,14,50
5549,Hayborough,3904,14,50
5553,Hazelwood Park,3904,14,50
5565,Hectorville,3904,14,50
5576,Henley Beach,3904,14,50
5577,Henley Beach South,3904,14,50
5589,Hewett,3904,14,50
5594,Highbury,3904,14,50
5598,Highgate,3904,14,50
5606,Hillbank,3904,14,50
5607,Hillcrest,3904,14,50
5619,Hindmarsh Island,3904,14,50
5628,Holden Hill,3904,14,50
5630,Holdfast Bay,3904,14,50
5646,Hope Valley,3904,14,50
5656,Hove,3904,14,50
5669,Huntfield Heights,3904,14,50
5680,Hyde Park,3904,14,50
5690,Ingle Farm,3904,14,50
5718,Jamestown,3904,14,50
5744,Joslin,3904,14,50
5753,Kadina,3904,14,50
5776,Kangaroo Island,3904,14,50
5781,Kapunda,3904,14,50
5791,Karoonda East Murray,3904,14,50
5813,Keith,3904,14,50
5829,Kensington Gardens,3904,14,50
5831,Kensington Park,3904,14,50
5833,Kent Town,3904,14,50
5840,Kersbrook,3904,14,50
5851,Kidman Park,3904,14,50
5853,Kilburn,3904,14,50
5855,Kilkenny,3904,14,50
5862,Kimba,3904,14,50
5877,Kingscote,3904,14,50
5883,Kingston,3904,14,50
5888,Kingston South East,3904,14,50
5898,Klemzig,3904,14,50
5929,Kurralta Park,3904,14,50
5977,Largs Bay,3904,14,50
5978,Largs North,3904,14,50
5994,Leabrook,3904,14,50
6018,Lewiston,3904,14,50
6021,Light,3904,14,50
6026,Linden Park,3904,14,50
6037,Little Hampton,3904,14,50
6044,Lobethal,3904,14,50
6047,Lockleys,3904,14,50
6075,Lower Eyre Peninsula,3904,14,50
6077,Lower Mitcham,3904,14,50
6080,Loxton,3904,14,50
6081,Loxton Waikerie,3904,14,50
6090,Lyndoch,3904,14,50
6098,Macclesfield,3904,14,50
6122,Magill,3904,14,50
6128,Maitland,3904,14,50
6138,Mallala,3904,14,50
6141,Malvern,3904,14,50
6157,Manningham,3904,14,50
6158,Mannum,3904,14,50
6162,Mansfield Park,3904,14,50
6166,Maralinga Tjarutja,3904,14,50
6173,Marden,3904,14,50
6181,Marino,3904,14,50
6182,Marion,3904,14,50
6184,Marleston,3904,14,50
6202,Maslin Beach,3904,14,50
6206,Mawson Lakes,3904,14,50
6212,Maylands,3904,14,50
6213,McCracken,3904,14,50
6221,McLaren Flat,3904,14,50
6222,McLaren Vale,3904,14,50
6228,Meadows,3904,14,50
6231,Medindie,3904,14,50
6238,Melrose Park,3904,14,50
6245,Meningie,3904,14,50
6270,Mid Murray,3904,14,50
6278,Middleton,3904,14,50
6285,Mile End,3904,14,50
6295,Millicent,3904,14,50
6299,Millswood,3904,14,50
6310,Minlaton,3904,14,50
6321,Mitcham,3904,14,50
6325,Mitchell Park,3904,14,50
6329,Moana,3904,14,50
6330,Modbury,3904,14,50
6331,Modbury Heights,3904,14,50
6332,Modbury North,3904,14,50
6343,Monash,3904,14,50
6364,Moonta Bay,3904,14,50
6368,Moorak,3904,14,50
6392,Morphett Vale,3904,14,50
6393,Morphettville,3904,14,50
6408,Mount Barker,3904,14,50
6413,Mount Compass,3904,14,50
6422,Mount Gambier,3904,14,50
6454,Mount Remarkable,3904,14,50
6485,Munno Para,3904,14,50
6486,Munno Para West,3904,14,50
6495,Murray Bridge,3904,14,50
6505,Mylor,3904,14,50
6506,Myrtle Bank,3904,14,50
6510,Nailsworth,3904,14,50
6511,Nairne,3904,14,50
6522,Naracoorte,3904,14,50
6523,Naracoorte and Lucindale,3904,14,50
6551,Netherby,3904,14,50
6552,Netley,3904,14,50
6577,Newton,3904,14,50
6597,Noarlunga Downs,3904,14,50
6611,Normanville,3904,14,50
6612,North Adelaide,3904,14,50
6622,North Brighton,3904,14,50
6631,North Haven,3904,14,50
6645,North Plympton,3904,14,50
6666,Northern Areas,3904,14,50
6670,Northfield,3904,14,50
6671,Northgate,3904,14,50
6675,Norwood,3904,14,50
6676,Norwood Payneham St Peters,3904,14,50
6678,Novar Gardens,3904,14,50
6688,Nuriootpa,3904,14,50
6692,O'Sullivan Beach,3904,14,50
6753,O’Halloran Hill,3904,14,50
6696,Oakden,3904,14,50
6702,Oaklands Park,3904,14,50
6718,Old Noarlunga,3904,14,50
6719,Old Reynella,3904,14,50
6723,One Tree Hill,3904,14,50
6724,Onkaparinga,3904,14,50
6725,Onkaparinga Hills,3904,14,50
6741,Orroroo/Carrieton,3904,14,50
6742,Osborne,3904,14,50
6744,Ottoway,3904,14,50
6774,Panorama,3904,14,50
6776,Para Hills,3904,14,50
6777,Para Hills West,3904,14,50
6778,Para Vista,3904,14,50
6780,Paradise,3904,14,50
6782,Parafield Gardens,3904,14,50
6783,Paralowie,3904,14,50
6785,Paringa,3904,14,50
6788,Park Holme,3904,14,50
6799,Parkside,3904,14,50
6808,Pasadena,3904,14,50
6812,Payneham,3904,14,50
6813,Payneham South,3904,14,50
6830,Pennington,3904,14,50
6831,Penola,3904,14,50
6842,Peterborough,3904,14,50
6843,Peterhead,3904,14,50
6866,Playford,3904,14,50
6870,Plympton,3904,14,50
6871,Plympton Park,3904,14,50
6880,Pooraka,3904,14,50
6882,Port Adelaide,3904,14,50
6883,Port Adelaide Enfield,3904,14,50
6884,Port Augusta,3904,14,50
6885,Port Augusta West,3904,14,50
6886,Port Broughton,3904,14,50
6889,Port Elliot,3904,14,50
6895,Port Lincoln,3904,14,50
6899,Port Noarlunga,3904,14,50
6900,Port Noarlunga South,3904,14,50
6902,Port Pirie,3904,14,50
6903,Port Pirie City and Dists,3904,14,50
6904,Port Pirie South,3904,14,50
6905,Port Pirie West,3904,14,50
6908,Port Willunga,3904,14,50
6922,Prospect,3904,14,50
6944,Queenstown,3904,14,50
6950,Quorn,3904,14,50
6987,Redwood Park,3904,14,50
6993,Renmark,3904,14,50
6994,Renmark Paringa,3904,14,50
6995,Renmark West,3904,14,50
6996,Renown Park,3904,14,50
7001,Reynella,3904,14,50
7002,Reynella East,3904,14,50
7010,Richmond,3904,14,50
7012,Ridgehaven,3904,14,50
7014,Ridleyton,3904,14,50
7019,Risdon Park,3904,14,50
7020,Risdon Park South,3904,14,50
7032,Robe,3904,14,50
7060,Rose Park,3904,14,50
7073,Rosewater,3904,14,50
7078,Rosslyn Park,3904,14,50
7080,Rostrevor,3904,14,50
7085,Roxby Downs,3904,14,50
7086,Royal Park,3904,14,50
7087,Royston Park,3904,14,50
7119,Salisbury,3904,14,50
7121,Salisbury Downs,3904,14,50
7122,Salisbury East,3904,14,50
7123,Salisbury Heights,3904,14,50
7124,Salisbury North,3904,14,50
7125,Salisbury Park,3904,14,50
7126,Salisbury Plain,3904,14,50
7159,Seacliff,3904,14,50
7160,Seacliff Park,3904,14,50
7161,Seacombe Gardens,3904,14,50
7162,Seacombe Heights,3904,14,50
7164,Seaford,3904,14,50
7165,Seaford Meadows,3904,14,50
7166,Seaford Rise,3904,14,50
7169,Seaton,3904,14,50
7170,Seaview Downs,3904,14,50
7175,Sefton Park,3904,14,50
7177,Sellicks Beach,3904,14,50
7178,Semaphore,3904,14,50
7179,Semaphore Park,3904,14,50
7180,Semaphore South,3904,14,50
7196,Sheidow Park,3904,14,50
7227,Smithfield,3904,14,50
7229,Smithfield Plains,3904,14,50
7238,Solomontown,3904,14,50
7243,Somerton Park,3904,14,50
7252,South Brighton,3904,14,50
7282,South Plympton,3904,14,50
7295,Southern Mallee,3904,14,50
7318,St Agnes,3904,14,50
7324,St Georges,3904,14,50
7335,St Marys,3904,14,50
7336,St Morris,3904,14,50
7337,St Peters,3904,14,50
7346,Stirling,3904,14,50
7349,Stirling North,3904,14,50
7353,Stonyfell,3904,14,50
7355,Strathalbyn,3904,14,50
7366,Streaky Bay,3904,14,50
7370,Sturt,3904,14,50
7393,Surrey Downs,3904,14,50
7416,Tailem Bend,3904,14,50
7431,Tanunda,3904,14,50
7432,Taperoo,3904,14,50
7448,Tatiara,3904,14,50
7454,Tea Tree Gully,3904,14,50
7469,Tennyson,3904,14,50
7481,The Coorong,3904,14,50
7497,Thebarton,3904,14,50
7536,Toorak Gardens,3904,14,50
7545,Torrens Park,3904,14,50
7546,Torrensville,3904,14,50
7557,Tranmere,3904,14,50
7566,Trinity Gardens,3904,14,50
7568,Trott Park,3904,14,50
7578,Tumby Bay,3904,14,50
7588,Tusmore,3904,14,50
7595,Two Wells,3904,14,50
7602,Underdale,3904,14,50
7604,Unley,3904,14,50
7605,Unley Park,3904,14,50
7621,Vale Park,3904,14,50
7625,Valley View,3904,14,50
7631,Victor Harbor,3904,14,50
7642,Virginia,3904,14,50
7657,Waikerie,3904,14,50
7660,Wakefield,3904,14,50
7667,Walkerville,3904,14,50
7668,Walkley Heights,3904,14,50
7672,Wallaroo,3904,14,50
7711,Warradale,3904,14,50
7731,Waterloo Corner,3904,14,50
7740,Wattle Park,3904,14,50
7742,Wattle Range,3904,14,50
7750,Wayville,3904,14,50
7779,West Beach,3904,14,50
7783,West Croydon,3904,14,50
7789,West Hindmarsh,3904,14,50
7793,West Lakes,3904,14,50
7794,West Lakes Shore,3904,14,50
7816,Westbourne Park,3904,14,50
7843,Whyalla,3904,14,50
7844,Whyalla Jenkins,3904,14,50
7845,Whyalla Norrie,3904,14,50
7846,Whyalla Playford,3904,14,50
7847,Whyalla Stuart,3904,14,50
7854,Willaston,3904,14,50
7859,Williamstown,3904,14,50
7867,Willunga,3904,14,50
7883,Windsor Gardens,3904,14,50
7915,Woodcroft,3904,14,50
7926,Woodside,3904,14,50
7928,Woodville,3904,14,50
7929,Woodville Gardens,3904,14,50
7930,Woodville North,3904,14,50
7931,Woodville Park,3904,14,50
7932,Woodville South,3904,14,50
7933,Woodville West,3904,14,50
7956,Wudinna,3904,14,50
7972,Wynn Vale,3904,14,50
7993,Yankalilla,3904,14,50
8026,Yorke Peninsula,3904,14,50
3916,Acton Park,3908,14,50
4047,Austins Ferry,3908,14,50
4062,Bagdad,3908,14,50
4145,Battery Point,3908,14,50
4160,Beaconsfield,3908,14,50
4170,Beauty Point,3908,14,50
4200,Bellerive,3908,14,50
4239,Berriedale,3908,14,50
4289,Blackmans Bay,3908,14,50
4292,Blackstone Heights,3908,14,50
4387,Break O'Day,3908,14,50
4398,Bridgewater,3908,14,50
4399,Bridport,3908,14,50
4404,Brighton,3908,14,50
4484,Burnie,3908,14,50
4540,Cambridge,3908,14,50
4649,Central Coast,3908,14,50
4653,Central Highlands,3908,14,50
4689,Chigwell,3908,14,50
4707,Circular Head,3908,14,50
4717,Claremont,3908,14,50
4720,Clarence,3908,14,50
4725,Clarendon Vale,3908,14,50
4878,Cressy,3908,14,50
4911,Currie,3908,14,50
4917,Cygnet,3908,14,50
4967,Deloraine,3908,14,50
4981,Derwent Valley,3908,14,50
4984,Devonport,3908,14,50
4999,Dodges Ferry,3908,14,50
5015,Dorset,3908,14,50
5052,Dynnyrne,3908,14,50
5073,East Devonport,3908,14,50
5085,East Launceston,3908,14,50
5191,Evandale,3908,14,50
5250,Flinders,3908,14,50
5277,Franklin,3908,14,50
5297,Gagebrook,3908,14,50
5319,Geeveston,3908,14,50
5320,Geilston Bay,3908,14,50
5324,George Town,3908,14,50
5350,Glamorgan/Spring Bay,3908,14,50
5385,Glenorchy,3908,14,50
5409,Goodwood,3908,14,50
5438,Granton,3908,14,50
5503,Hadspen,3908,14,50
5582,Herdsmans Cove,3908,14,50
5609,Hillcrest,3908,14,50
5621,Hobart,3908,14,50
5622,Hobart city centre,3908,14,50
5660,Howrah,3908,14,50
5673,Huon Valley,3908,14,50
5674,Huonville,3908,14,50
5700,Invermay,3908,14,50
5835,Kentish,3908,14,50
5865,King Island,3908,14,50
5867,Kingborough,3908,14,50
5872,Kings Meadows,3908,14,50
5882,Kingston,3908,14,50
5887,Kingston Beach,3908,14,50
5982,Latrobe,3908,14,50
5984,Lauderdale,3908,14,50
5985,Launceston,3908,14,50
5986,Launceston city centre,3908,14,50
6000,Legana,3908,14,50
6005,Lenah Valley,3908,14,50
6028,Lindisfarne,3908,14,50
6064,Longford,3908,14,50
6087,Lutana,3908,14,50
6177,Margate,3908,14,50
6207,Mayfield,3908,14,50
6229,Meander Valley,3908,14,50
6268,Miandetta,3908,14,50
6282,Midway Point,3908,14,50
6350,Montello,3908,14,50
6355,Montrose,3908,14,50
6359,Moonah,3908,14,50
6389,Mornington,3908,14,50
6446,Mount Nelson,3908,14,50
6459,Mount Stuart,3908,14,50
6467,Mowbray,3908,14,50
6560,New Norfolk,3908,14,50
6561,New Town,3908,14,50
6571,Newnham,3908,14,50
6575,Newstead,3908,14,50
6632,North Hobart,3908,14,50
6668,Northern Midlands,3908,14,50
6674,Norwood,3908,14,50
6697,Oakdowns,3908,14,50
6715,Old Beach,3908,14,50
6787,Park Grove,3908,14,50
6828,Penguin,3908,14,50
6839,Perth,3908,14,50
6906,Port Sorell,3908,14,50
6924,Prospect Vale,3908,14,50
6943,Queenstown,3908,14,50
6959,Ranelagh,3908,14,50
6970,Ravenswood,3908,14,50
7009,Richmond,3908,14,50
7021,Risdon Vale,3908,14,50
7024,Riverside,3908,14,50
7039,Rocherlea,3908,14,50
7050,Rokeby,3908,14,50
7053,Romaine,3908,14,50
7070,Rosetta,3908,14,50
7115,Saint Leonards,3908,14,50
7134,Sandford,3908,14,50
7141,Sandy Bay,3908,14,50
7156,Scottsdale,3908,14,50
7185,Seven Mile Beach,3908,14,50
7194,Shearwater,3908,14,50
7195,Sheffield,3908,14,50
7209,Shorewell Park,3908,14,50
7231,Smithton,3908,14,50
7234,Snug,3908,14,50
7242,Somerset,3908,14,50
7246,Sorell,3908,14,50
7265,South Hobart,3908,14,50
7272,South Launceston,3908,14,50
7296,Southern Midlands,3908,14,50
7306,Spreyton,3908,14,50
7326,St Helens,3908,14,50
7375,Summerhill,3908,14,50
7441,Taroona,3908,14,50
7446,Tasman Peninsula,3908,14,50
7556,Tranmere,3908,14,50
7563,Trevallyn,3908,14,50
7583,Turners Beach,3908,14,50
7599,Ulverstone,3908,14,50
7606,Upper Burnie,3908,14,50
7701,Waratah/Wynyard,3908,14,50
7715,Warrane,3908,14,50
7748,Waverley,3908,14,50
7782,West Coast,3908,14,50
7790,West Hobart,3908,14,50
7796,West Launceston,3908,14,50
7800,West Moonah,3908,14,50
7807,West Tamar,3908,14,50
7809,West Ulverstone,3908,14,50
7818,Westbury,3908,14,50
7975,Wynyard,3908,14,50
8029,Youngtown,3908,14,50
3904,Abbotsford,3903,14,50
3909,Aberfeldie,3903,14,50
3926,Airport West,3903,14,50
3929,Albanvale,3903,14,50
3934,Albert Park,3903,14,50
3936,Albion,3903,14,50
3947,Alexandra,3903,14,50
3954,Alfredton,3903,14,50
3960,Allansford,3903,14,50
3966,Alphington,3903,14,50
3967,Alpine,3903,14,50
3970,Altona,3903,14,50
3971,Altona Meadows,3903,14,50
3972,Altona North,3903,14,50
3982,Anglesea,3903,14,50
3990,Apollo Bay,3903,14,50
3996,Ararat,3903,14,50
3999,Ardeer,3903,14,50
4004,Armadale,3903,14,50
4006,Armstrong Creek,3903,14,50
4012,Ascot,3903,14,50
4015,Ascot Vale,3903,14,50
4016,Ashburton,3903,14,50
4028,Ashwood,3903,14,50
4029,Aspendale,3903,14,50
4030,Aspendale Gardens,3903,14,50
4037,Attwood,3903,14,50
4051,Avenel,3903,14,50
4053,Avoca,3903,14,50
4057,Avondale Heights,3903,14,50
4060,Bacchus Marsh,3903,14,50
4061,Badger Creek,3903,14,50
4064,Bairnsdale,3903,14,50
4068,Balaclava,3903,14,50
4079,Ballan,3903,14,50
4080,Ballarat,3903,14,50
4081,Ballarat Central,3903,14,50
4082,Ballarat East,3903,14,50
4083,Ballarat North,3903,14,50
4088,Balnarring,3903,14,50
4091,Balwyn,3903,14,50
4092,Balwyn North,3903,14,50
4104,Bannockburn,3903,14,50
4107,Banyule,3903,14,50
4109,Baranduda,3903,14,50
4131,Barwon Heads,3903,14,50
4133,Bass Coast,3903,14,50
4147,Baw Baw,3903,14,50
4148,Baxter,3903,14,50
4152,Bayside,3903,14,50
4153,Bayswater,3903,14,50
4155,Bayswater North,3903,14,50
4161,Beaconsfield,3903,14,50
4164,Beaconsfield Upper,3903,14,50
4166,Beaufort,3903,14,50
4167,Beaumaris,3903,14,50
4176,Beechworth,3903,14,50
4188,Belgrave,3903,14,50
4189,Belgrave Heights,3903,14,50
4190,Belgrave South,3903,14,50
4191,Bell Park,3903,14,50
4192,Bell Post Hill,3903,14,50
4204,Bellfield,3903,14,50
4210,Belmont,3903,14,50
4216,Benalla,3903,14,50
4218,Bendigo,3903,14,50
4219,Bendigo city centre,3903,14,50
4223,Bentleigh,3903,14,50
4224,Bentleigh East,3903,14,50
4246,Berwick,3903,14,50
4248,Beveridge,3903,14,50
4274,Bittern,3903,14,50
4276,Black Hill,3903,14,50
4279,Black Rock,3903,14,50
4283,Blackburn,3903,14,50
4284,Blackburn North,3903,14,50
4285,Blackburn South,3903,14,50
4299,Blairgowrie,3903,14,50
4307,Blind Bight,3903,14,50
4325,Bonbeach,3903,14,50
4349,Boronia,3903,14,50
4351,Boroondara,3903,14,50
4353,Botanic Ridge,3903,14,50
4368,Box Hill,3903,14,50
4369,Box Hill North,3903,14,50
4370,Box Hill South,3903,14,50
4386,Braybrook,3903,14,50
4392,Briagolong,3903,14,50
4393,Briar Hill,3903,14,50
4400,Bright,3903,14,50
4403,Brighton,3903,14,50
4405,Brighton East,3903,14,50
4407,Brimbank,3903,14,50
4414,Broadford,3903,14,50
4416,Broadmeadows,3903,14,50
4425,Brookfield,3903,14,50
4427,Brooklyn,3903,14,50
4435,Brown Hill,3903,14,50
4438,Brunswick,3903,14,50
4440,Brunswick East,3903,14,50
4442,Brunswick West,3903,14,50
4455,Bulleen,3903,14,50
4459,Buloke,3903,14,50
4470,Bundoora,3903,14,50
4474,Buninyong,3903,14,50
4476,Bunyip,3903,14,50
4487,Burnside,3903,14,50
4489,Burnside Heights,3903,14,50
4500,Burwood,3903,14,50
4502,Burwood East,3903,14,50
4523,Cairnlea,3903,14,50
4529,California Gully,3903,14,50
4537,Camberwell,3903,14,50
4554,Campaspe,3903,14,50
4556,Campbellfield,3903,14,50
4557,Campbells Creek,3903,14,50
4562,Camperdown,3903,14,50
4565,Canadian,3903,14,50
4575,Canterbury,3903,14,50
4580,Cape Woolamai,3903,14,50
4588,Cardinia,3903,14,50
4597,Carisbrook,3903,14,50
4600,Carlton,3903,14,50
4602,Carlton North,3903,14,50
4605,Carnegie,3903,14,50
4607,Caroline Springs,3903,14,50
4614,Carrum,3903,14,50
4615,Carrum Downs,3903,14,50
4620,Casey,3903,14,50
4625,Casterton,3903,14,50
4629,Castlemaine,3903,14,50
4637,Caulfield,3903,14,50
4638,Caulfield East,3903,14,50
4639,Caulfield North,3903,14,50
4640,Caulfield South,3903,14,50
4652,Central Goldfields,3903,14,50
4656,Chadstone,3903,14,50
4667,Charlton,3903,14,50
4676,Chelsea,3903,14,50
4677,Chelsea Heights,3903,14,50
4679,Cheltenham,3903,14,50
4685,Chewton,3903,14,50
4691,Chiltern,3903,14,50
4696,Chirnside Park,3903,14,50
4704,Churchill,3903,14,50
4726,Clarinda,3903,14,50
4730,Clayton,3903,14,50
4731,Clayton South,3903,14,50
4740,Clifton Hill,3903,14,50
4741,Clifton Springs,3903,14,50
4749,Clunes,3903,14,50
4750,Clyde,3903,14,50
4751,Clyde North,3903,14,50
4755,Cobden,3903,14,50
4756,Cobram,3903,14,50
4757,Coburg,3903,14,50
4758,Coburg North,3903,14,50
4759,Cockatoo,3903,14,50
4764,Cohuna,3903,14,50
4765,Colac,3903,14,50
4766,Colac-Otway,3903,14,50
4767,Coldstream,3903,14,50
4775,Collingwood,3903,14,50
4806,Coolaroo,3903,14,50
4834,Corangamite,3903,14,50
4838,Corio,3903,14,50
4845,Corryong,3903,14,50
4853,Cowes,3903,14,50
4860,Craigieburn,3903,14,50
4864,Cranbourne,3903,14,50
4865,Cranbourne East,3903,14,50
4866,Cranbourne North,3903,14,50
4867,Cranbourne South,3903,14,50
4868,Cranbourne West,3903,14,50
4874,Cremorne,3903,14,50
4881,Creswick,3903,14,50
4882,Crib Point,3903,14,50
4890,Croydon,3903,14,50
4892,Croydon Hills,3903,14,50
4893,Croydon North,3903,14,50
4895,Croydon South,3903,14,50
4924,Dallas,3903,14,50
4931,Dandenong,3903,14,50
4932,Dandenong North,3903,14,50
4936,Darebin,3903,14,50
4937,Darley,3903,14,50
4954,Daylesford,3903,14,50
4962,Deer Park,3903,14,50
4964,Delacombe,3903,14,50
4965,Delahey,3903,14,50
4975,Dennington,3903,14,50
4980,Derrimut,3903,14,50
4983,Devon Meadows,3903,14,50
4987,Diamond Creek,3903,14,50
4992,Diggers Rest,3903,14,50
4993,Dimboola,3903,14,50
4995,Dingley Village,3903,14,50
4996,Dinner Plain,3903,14,50
4998,Docklands,3903,14,50
5001,Donald,3903,14,50
5002,Doncaster,3903,14,50
5003,Doncaster East,3903,14,50
5007,Donvale,3903,14,50
5013,Doreen,3903,14,50
5022,Doveton,3903,14,50
5028,Dromana,3903,14,50
5029,Drouin,3903,14,50
5032,Drysdale,3903,14,50
5055,Eagle Point,3903,14,50
5058,Eaglehawk,3903,14,50
5059,Eaglemont,3903,14,50
5064,East Bairnsdale,3903,14,50
5066,East Bendigo,3903,14,50
5075,East Geelong,3903,14,50
5076,East Gippsland,3903,14,50
5090,East Melbourne,3903,14,50
5103,Echuca,3903,14,50
5108,Eden Park,3903,14,50
5115,Edithvale,3903,14,50
5142,Elliminyt,3903,14,50
5145,Elsternwick,3903,14,50
5146,Eltham,3903,14,50
5147,Eltham North,3903,14,50
5148,Elwood,3903,14,50
5150,Emerald,3903,14,50
5159,Endeavour Hills,3903,14,50
5164,Epping,3903,14,50
5166,Epsom,3903,14,50
5177,Essendon,3903,14,50
5178,Essendon North,3903,14,50
5179,Essendon West,3903,14,50
5187,Eumemmerring,3903,14,50
5189,Euroa,3903,14,50
5203,Eynesbury,3903,14,50
5205,Fairfield,3903,14,50
5215,Falls Creek,3903,14,50
5221,Fawkner,3903,14,50
5227,Ferntree Gully,3903,14,50
5229,Ferny Creek,3903,14,50
5241,Fitzroy,3903,14,50
5243,Fitzroy North,3903,14,50
5246,Flemington,3903,14,50
5254,Flora Hill,3903,14,50
5259,Footscray,3903,14,50
5264,Forest Hill,3903,14,50
5276,Foster,3903,14,50
5280,Frankston,3903,14,50
5281,Frankston East,3903,14,50
5282,Frankston North,3903,14,50
5283,Frankston South,3903,14,50
5301,Gannawarra,3903,14,50
5305,Garfield,3903,14,50
5316,Geelong,3903,14,50
5318,Geelong city centre,3903,14,50
5317,Geelong West,3903,14,50
5322,Gembrook,3903,14,50
5345,Gisborne,3903,14,50
5349,Gladstone Park,3903,14,50
5356,Glen Eira,3903,14,50
5358,Glen Huntly,3903,14,50
5362,Glen Iris,3903,14,50
5364,Glen Waverley,3903,14,50
5372,Glenelg,3903,14,50
5377,Glenferrie,3903,14,50
5380,Glengarry,3903,14,50
5387,Glenroy,3903,14,50
5404,Golden Plains,3903,14,50
5405,Golden Point,3903,14,50
5406,Golden Square,3903,14,50
5419,Gordon,3903,14,50
5428,Gowanbrae,3903,14,50
5445,Greater Bendigo,3903,14,50
5446,Greater Dandenong,3903,14,50
5447,Greater Geelong,3903,14,50
5449,Greater Shepparton,3903,14,50
5458,Greensborough,3903,14,50
5460,Greenvale,3903,14,50
5474,Grovedale,3903,14,50
5501,Haddon,3903,14,50
5502,Hadfield,3903,14,50
5506,Hallam,3903,14,50
5511,Hamilton,3903,14,50
5515,Hamlyn Heights,3903,14,50
5520,Hampton,3903,14,50
5521,Hampton East,3903,14,50
5522,Hampton Park,3903,14,50
5535,Hastings,3903,14,50
5537,Haven,3903,14,50
5541,Hawthorn,3903,14,50
5543,Hawthorn East,3903,14,50
5544,Hawthorn South,3903,14,50
5552,Hazelwood North,3903,14,50
5554,Healesville,3903,14,50
5557,Heathcote,3903,14,50
5558,Heatherton,3903,14,50
5559,Heathmont,3903,14,50
5567,Heidelberg,3903,14,50
5568,Heidelberg Heights,3903,14,50
5569,Heidelberg West,3903,14,50
5580,Hepburn,3903,14,50
5586,Herne Hill,3903,14,50
5590,Heyfield,3903,14,50
5591,Heywood,3903,14,50
5595,Highett,3903,14,50
5601,Highton,3903,14,50
5612,Hillside,3903,14,50
5618,Hindmarsh,3903,14,50
5620,Hmas Cerberus,3903,14,50
5624,Hobsons Bay,3903,14,50
5647,Hoppers Crossing,3903,14,50
5652,Horsham,3903,14,50
5655,Hotham Heights,3903,14,50
5664,Hughesdale,3903,14,50
5665,Hume,3903,14,50
5670,Huntingdale,3903,14,50
5672,Huntly,3903,14,50
5676,Hurstbridge,3903,14,50
5686,Indented Head,3903,14,50
5687,Indigo,3903,14,50
5698,Inverleigh,3903,14,50
5699,Inverloch,3903,14,50
5701,Invermay Park,3903,14,50
5703,Ironbark,3903,14,50
5705,Irymple,3903,14,50
5710,Ivanhoe,3903,14,50
5711,Ivanhoe East,3903,14,50
5713,Jacana,3903,14,50
5714,Jackass Flat,3903,14,50
5720,Jan Juc,3903,14,50
5749,Junction Village,3903,14,50
5751,Junortoun,3903,14,50
5761,Kalimna,3903,14,50
5766,Kallista,3903,14,50
5767,Kalorama,3903,14,50
5774,Kangaroo Flat,3903,14,50
5775,Kangaroo Ground,3903,14,50
5803,Kealba,3903,14,50
5807,Keilor,3903,14,50
5808,Keilor Downs,3903,14,50
5809,Keilor East,3903,14,50
5810,Keilor Lodge,3903,14,50
5811,Keilor Park,3903,14,50
5826,Kennington,3903,14,50
5827,Kensington,3903,14,50
5839,Kerang,3903,14,50
5841,Kew,3903,14,50
5843,Kew East,3903,14,50
5846,Keysborough,3903,14,50
5847,Kialla,3903,14,50
5859,Kilmore,3903,14,50
5860,Kilsyth,3903,14,50
5861,Kilsyth South,3903,14,50
5868,Kinglake,3903,14,50
5869,Kinglake West,3903,14,50
5874,Kings Park,3903,14,50
5875,Kingsbury,3903,14,50
5884,Kingston,3903,14,50
5889,Kingsville,3903,14,50
5899,Knox,3903,14,50
5900,Knoxfield,3903,14,50
5905,Koo-Wee-Rup,3903,14,50
5913,Koroit,3903,14,50
5915,Korumburra,3903,14,50
5931,Kurunjang,3903,14,50
5934,Kyabram,3903,14,50
5936,Kyneton,3903,14,50
5944,Lake Gardens,3903,14,50
5952,Lake Wendouree,3903,14,50
5956,Lakes Entrance,3903,14,50
5958,Lalor,3903,14,50
5963,Lancefield,3903,14,50
5969,Lang Lang,3903,14,50
5971,Langwarrin,3903,14,50
5972,Langwarrin South,3903,14,50
5974,Lara,3903,14,50
5983,Latrobe,3903,14,50
5987,Launching Place,3903,14,50
5988,Laverton,3903,14,50
6008,Leongatha,3903,14,50
6010,Leopold,3903,14,50
6024,Lilydale,3903,14,50
6039,Little River,3903,14,50
6051,Loddon,3903,14,50
6062,Long Gully,3903,14,50
6065,Longford,3903,14,50
6068,Longwarry,3903,14,50
6070,Lorne,3903,14,50
6072,Lovely Banks,3903,14,50
6078,Lower Plenty,3903,14,50
6082,Lucknow,3903,14,50
6089,Lynbrook,3903,14,50
6095,Lysterfield,3903,14,50
6099,Macedon,3903,14,50
6100,Macedon Ranges,3903,14,50
6110,Macleod,3903,14,50
6117,Maddingley,3903,14,50
6121,Maffra,3903,14,50
6125,Maiden Gully,3903,14,50
6126,Maidstone,3903,14,50
6135,Maldon,3903,14,50
6137,Mallacoota,3903,14,50
6140,Malvern,3903,14,50
6142,Malvern East,3903,14,50
6147,Manifold Heights,3903,14,50
6156,Manningham,3903,14,50
6161,Mansfield,3903,14,50
6180,Maribyrnong,3903,14,50
6186,Marong,3903,14,50
6189,Maroondah,3903,14,50
6197,Maryborough,3903,14,50
6214,McCrae,3903,14,50
6220,McKinnon,3903,14,50
6224,Meadow Heights,3903,14,50
6235,Melbourne,3903,14,50
6236,Melbourne City Centre,3903,14,50
6239,Melton,3903,14,50
6240,Melton South,3903,14,50
6241,Melton West,3903,14,50
6247,Mentone,3903,14,50
6250,Merbein,3903,14,50
6258,Mernda,3903,14,50
6266,Metung,3903,14,50
6269,Mickleham,3903,14,50
6273,Middle Park,3903,14,50
6283,Mildura,3903,14,50
6284,Mildura Shire,3903,14,50
6288,Mill Park,3903,14,50
6294,Millgrove,3903,14,50
6308,Miners Rest,3903,14,50
6316,Mirboo North,3903,14,50
6320,Mitcham,3903,14,50
6322,Mitchell,3903,14,50
6333,Moe,3903,14,50
6337,Moira,3903,14,50
6344,Monash,3903,14,50
6346,Monbulk,3903,14,50
6348,Mont Albert,3903,14,50
6349,Mont Albert North,3903,14,50
6352,Montmorency,3903,14,50
6354,Montrose,3903,14,50
6357,Moolap,3903,14,50
6362,Moonee Ponds,3903,14,50
6363,Moonee Valley,3903,14,50
6366,Moorabbin,3903,14,50
6367,Moorabool,3903,14,50
6372,Moorooduc,3903,14,50
6374,Mooroolbark,3903,14,50
6375,Mooroopna,3903,14,50
6379,Mordialloc,3903,14,50
6382,Moreland,3903,14,50
6387,Mornington,3903,14,50
6390,Mornington Peninsula,3903,14,50
6395,Mortlake,3903,14,50
6398,Morwell,3903,14,50
6404,Mount Alexander,3903,14,50
6409,Mount Buller,3903,14,50
6411,Mount Clear,3903,14,50
6417,Mount Dandenong,3903,14,50
6419,Mount Duneed,3903,14,50
6420,Mount Eliza,3903,14,50
6421,Mount Evelyn,3903,14,50
6426,Mount Helen,3903,14,50
6438,Mount Macedon,3903,14,50
6441,Mount Martha,3903,14,50
6449,Mount Pleasant,3903,14,50
6464,Mount Waverley,3903,14,50
6468,Moyne,3903,14,50
6476,Mulgrave,3903,14,50
6496,Murrindindi,3903,14,50
6499,Murrumbeena,3903,14,50
6507,Myrtleford,3903,14,50
6509,Nagambie,3903,14,50
6537,Narre Warren,3903,14,50
6538,Narre Warren North,3903,14,50
6539,Narre Warren South,3903,14,50
6543,Nathalia,3903,14,50
6547,Neerim South,3903,14,50
6557,New Gisborne,3903,14,50
6562,Newborough,3903,14,50
6566,Newcomb,3903,14,50
6567,Newington,3903,14,50
6573,Newport,3903,14,50
6580,Newtown,3903,14,50
6584,Nhill,3903,14,50
6588,Nichols Point,3903,14,50
6589,Nicholson,3903,14,50
6591,Niddrie,3903,14,50
6593,Nillumbik,3903,14,50
6598,Noble Park,3903,14,50
6599,Noble Park North,3903,14,50
6606,Norlane,3903,14,50
6617,North Bendigo,3903,14,50
6621,North Brighton,3903,14,50
6628,North Geelong,3903,14,50
6640,North Melbourne,3903,14,50
6657,North Warrandyte,3903,14,50
6660,North Wonthaggi,3903,14,50
6665,Northcote,3903,14,50
6667,Northern Grampians,3903,14,50
6677,Notting Hill,3903,14,50
6684,Numurkah,3903,14,50
6685,Nunawading,3903,14,50
6690,Nyora,3903,14,50
6694,Oak Park,3903,14,50
6703,Oakleigh,3903,14,50
6704,Oakleigh East,3903,14,50
6705,Oakleigh South,3903,14,50
6710,Ocean Grove,3903,14,50
6713,Officer,3903,14,50
6721,Olinda,3903,14,50
6734,Orbost,3903,14,50
6740,Ormond,3903,14,50
6746,Ouyen,3903,14,50
6763,Pakenham,3903,14,50
6764,Pakenham Upper,3903,14,50
6775,Panton Hill,3903,14,50
6789,Park Orchards,3903,14,50
6792,Parkdale,3903,14,50
6800,Parkville,3903,14,50
6809,Pascoe Vale,3903,14,50
6810,Pascoe Vale South,3903,14,50
6811,Patterson Lakes,3903,14,50
6814,Paynesville,3903,14,50
6821,Pearcedale,3903,14,50
6849,Phillip Island,3903,14,50
6867,Plenty,3903,14,50
6868,Plumpton,3903,14,50
6873,Point Cook,3903,14,50
6875,Point Lonsdale,3903,14,50
6890,Port Fairy,3903,14,50
6898,Port Melbourne,3903,14,50
6901,Port Phillip,3903,14,50
6909,Portarlington,3903,14,50
6911,Portland,3903,14,50
6915,Prahran,3903,14,50
6917,Preston,3903,14,50
6920,Princes Hill,3903,14,50
6925,Puckapunyal,3903,14,50
6930,Pyrenees,3903,14,50
6934,Quarry Hill,3903,14,50
6940,Queenscliff,3903,14,50
6942,Queenscliffe,3903,14,50
6967,Ravenhall,3903,14,50
6975,Red Cliffs,3903,14,50
6978,Redan,3903,14,50
6997,Research,3903,14,50
6998,Reservoir,3903,14,50
7007,Richmond,3903,14,50
7015,Ringwood,3903,14,50
7016,Ringwood East,3903,14,50
7017,Ringwood North,3903,14,50
7018,Ripponlea,3903,14,50
7036,Robinvale,3903,14,50
7040,Rochester,3903,14,50
7041,Rockbank,3903,14,50
7054,Romsey,3903,14,50
7058,Rosanna,3903,14,50
7062,Rosebud,3903,14,50
7063,Rosebud West,3903,14,50
7064,Rosedale,3903,14,50
7076,Ross Creek,3903,14,50
7083,Rowville,3903,14,50
7084,Roxburgh Park,3903,14,50
7094,Rushworth,3903,14,50
7099,Rutherglen,3903,14,50
7102,Rye,3903,14,50
7107,Safety Beach,3903,14,50
7108,Saint Albans,3903,14,50
7109,Saint Andrews,3903,14,50
7110,Saint Andrews Beach,3903,14,50
7111,Saint Helena,3903,14,50
7113,Saint Kilda,3903,14,50
7114,Saint Leonards,3903,14,50
7118,Sale,3903,14,50
7131,San Remo,3903,14,50
7136,Sandhurst,3903,14,50
7137,Sandringham,3903,14,50
7147,Sassafras,3903,14,50
7155,Scoresby,3903,14,50
7158,Seabrook,3903,14,50
7163,Seaford,3903,14,50
7168,Seaholme,3903,14,50
7171,Sebastopol,3903,14,50
7173,Seddon,3903,14,50
7176,Selby,3903,14,50
7187,Seville,3903,14,50
7189,Seymour,3903,14,50
7203,Shepparton,3903,14,50
7204,Shepparton East,3903,14,50
7213,Silvan,3903,14,50
7224,Skye,3903,14,50
7232,Smythes Creek,3903,14,50
7233,Smythesdale,3903,14,50
7235,Soldiers Hill,3903,14,50
7239,Somers,3903,14,50
7244,Somerville,3903,14,50
7247,Sorrento,3903,14,50
7259,South Gippsland,3903,14,50
7269,South Kingsville,3903,14,50
7276,South Melbourne,3903,14,50
7277,South Morang,3903,14,50
7290,South Yarra,3903,14,50
7292,Southbank,3903,14,50
7294,Southern Grampians,3903,14,50
7305,Spotswood,3903,14,50
7313,Springvale,3903,14,50
7315,Springvale South,3903,14,50
7319,St Albans Park,3903,14,50
7325,St Helena,3903,14,50
7332,St Kilda East,3903,14,50
7333,St Kilda West,3903,14,50
7345,Stawell,3903,14,50
7352,Stonnington,3903,14,50
7354,Stratford,3903,14,50
7357,Strathbogie,3903,14,50
7358,Strathdale,3903,14,50
7361,Strathfieldsaye,3903,14,50
7362,Strathmerton,3903,14,50
7363,Strathmore,3903,14,50
7378,Sunbury,3903,14,50
7384,Sunshine,3903,14,50
7388,Sunshine North,3903,14,50
7389,Sunshine West,3903,14,50
7390,Surf Coast,3903,14,50
7394,Surrey Hills,3903,14,50
7402,Swan Hill,3903,14,50
7406,Sydenham,3903,14,50
7418,Tallangatta,3903,14,50
7440,Tarneit,3903,14,50
7450,Tatura,3903,14,50
7451,Taylors Hill,3903,14,50
7452,Taylors Lakes,3903,14,50
7455,Tecoma,3903,14,50
7456,Teesdale,3903,14,50
7464,Templestowe,3903,14,50
7465,Templestowe Lower,3903,14,50
7474,Terang,3903,14,50
7480,The Basin,3903,14,50
7491,The Patch,3903,14,50
7501,Thomastown,3903,14,50
7502,Thomson,3903,14,50
7503,Thornbury,3903,14,50
7514,Timboon,3903,14,50
7529,Tongala,3903,14,50
7534,Tooradin,3903,14,50
7535,Toorak,3903,14,50
7538,Tootgarook,3903,14,50
7543,Torquay,3903,14,50
7552,Towong,3903,14,50
7554,Trafalgar,3903,14,50
7558,Traralgon,3903,14,50
7559,Travancore,3903,14,50
7562,Trentham,3903,14,50
7569,Truganina,3903,14,50
7574,Tullamarine,3903,14,50
7596,Tyabb,3903,14,50
7614,Upwey,3903,14,50
7629,Vermont,3903,14,50
7630,Vermont South,3903,14,50
7636,Viewbank,3903,14,50
7655,Wahgunyah,3903,14,50
7671,Wallan,3903,14,50
7674,Wallington,3903,14,50
7681,Wandana Heights,3903,14,50
7684,Wandin North,3903,14,50
7687,Wandong,3903,14,50
7688,Wangaratta,3903,14,50
7694,Wantirna,3903,14,50
7695,Wantirna South,3903,14,50
7702,Warburton,3903,14,50
7710,Warracknabeal,3903,14,50
7713,Warragul,3903,14,50
7714,Warrandyte,3903,14,50
7716,Warranwood,3903,14,50
7723,Warrnambool,3903,14,50
7734,Waterways,3903,14,50
7736,Watsonia,3903,14,50
7737,Watsonia North,3903,14,50
7743,Wattleglen,3903,14,50
7745,Waurn Ponds,3903,14,50
7757,Wellington,3903,14,50
7762,Wendouree,3903,14,50
7767,Werribee,3903,14,50
7768,Werribee South,3903,14,50
7773,Wesburn,3903,14,50
7785,West Footscray,3903,14,50
7799,West Melbourne,3903,14,50
7811,West Wimmera,3903,14,50
7812,West Wodonga,3903,14,50
7825,Westmeadows,3903,14,50
7832,Wheelers Hill,3903,14,50
7834,White Hills,3903,14,50
7837,Whitehorse,3903,14,50
7841,Whittington,3903,14,50
7842,Whittlesea,3903,14,50
7857,Williams Landing,3903,14,50
7858,Williamstown,3903,14,50
7860,Williamstown North,3903,14,50
7874,Winchelsea,3903,14,50
7879,Windsor,3903,14,50
7895,Wodonga,3903,14,50
7896,Wollert,3903,14,50
7905,Wonga Park,3903,14,50
7909,Wonthaggi,3903,14,50
7917,Woodend,3903,14,50
7945,Woori Yallock,3903,14,50
7962,Wurruk,3903,14,50
7965,Wy Yung,3903,14,50
7969,Wyndham,3903,14,50
7970,Wyndham Vale,3903,14,50
7980,Yackandandah,3903,14,50
7984,Yallambie,3903,14,50
7986,Yallourn North,3903,14,50
7995,Yarra,3903,14,50
7996,Yarra Glen,3903,14,50
7997,Yarra Junction,3903,14,50
7998,Yarra Ranges,3903,14,50
8001,Yarragon,3903,14,50
8003,Yarram,3903,14,50
8005,Yarrambat,3903,14,50
8007,Yarraville,3903,14,50
8009,Yarrawonga,3903,14,50
8010,Yarriambiack,3903,14,50
8014,Yea,3903,14,50
3902,Abbey,3906,14,50
3930,Albany,3906,14,50
3932,Albany city centre,3906,14,50
3946,Alexander Heights,3906,14,50
3953,Alfred Cove,3906,14,50
3958,Alkimos,3906,14,50
3992,Applecross,3906,14,50
4000,Ardross,3906,14,50
4003,Armadale,3906,14,50
4013,Ascot,3906,14,50
4017,Ashburton,3906,14,50
4019,Ashby,3906,14,50
4021,Ashfield,3906,14,50
4036,Attadale,3906,14,50
4038,Atwell,3906,14,50
4039,Aubin Grove,3906,14,50
4042,Augusta,3906,14,50
4043,Augusta-Margaret River Shire,3906,14,50
4049,Australind,3906,14,50
4050,Aveley,3906,14,50
149550,Badgingarra,3906,14,50
4066,Bakers Hill,3906,14,50
4070,Balcatta,3906,14,50
4072,Baldivis,3906,14,50
4073,Balga,3906,14,50
4078,Ballajura,3906,14,50
4097,Banjup,3906,14,50
4101,Banksia Grove,3906,14,50
4135,Bassendean,3906,14,50
4138,Bateman,3906,14,50
4150,Baynton,3906,14,50
4151,Bayonet Head,3906,14,50
4154,Bayswater,3906,14,50
4157,Beachlands,3906,14,50
4162,Beaconsfield,3906,14,50
4171,Beckenham,3906,14,50
4172,Bedford,3906,14,50
4174,Bedfordale,3906,14,50
4175,Beechboro,3906,14,50
4178,Beeliar,3906,14,50
4185,Beldon,3906,14,50
4201,Bellevue,3906,14,50
4209,Belmont,3906,14,50
4220,Bennett Springs,3906,14,50
4225,Bentley,3906,14,50
4229,Beresford,3906,14,50
4245,Bertram,3906,14,50
4249,Beverley,3906,14,50
4255,Bibra Lake,3906,14,50
4256,Bicton,3906,14,50
4262,Bilingurr,3906,14,50
4264,Bindoon,3906,14,50
4266,Binningup,3906,14,50
4312,Bluff Point,3906,14,50
4315,Boddington,3906,14,50
4343,Booragoon,3906,14,50
4356,Boulder,3906,14,50
4371,Boyanup,3906,14,50
4373,Boyup Brook,3906,14,50
4374,Brabham,3906,14,50
4390,Brentwood,3906,14,50
4395,Bridgetown,3906,14,50
4396,Bridgetown-Greenbushes,3906,14,50
4418,Broadwater,3906,14,50
4419,Brockman,3906,14,50
4424,Brookdale,3906,14,50
4429,Brookton,3906,14,50
4432,Broome,3906,14,50
4433,Broomehill-Tambellup,3906,14,50
4437,Bruce Rock,3906,14,50
4439,Brunswick,3906,14,50
4451,Bulgarra,3906,14,50
4453,Bull Creek,3906,14,50
4458,Bullsbrook,3906,14,50
4460,Bunbury,3906,14,50
4485,Burns Beach,3906,14,50
4498,Burswood,3906,14,50
4505,Busselton,3906,14,50
4506,Busselton city cenre,3906,14,50
4507,Butler,3906,14,50
4510,Byford,3906,14,50
4516,Cable Beach,3906,14,50
4530,Calista,3906,14,50
4541,Cambridge,3906,14,50
4549,Camillo,3906,14,50
4569,Canning,3906,14,50
4570,Canning Vale,3906,14,50
4571,Cannington,3906,14,50
4581,Capel,3906,14,50
4589,Cardup,3906,14,50
4591,Carey Park,3906,14,50
4594,Carine,3906,14,50
4599,Carlisle,3906,14,50
4603,Carnamah,3906,14,50
4604,Carnarvon,3906,14,50
4610,Carramar,3906,14,50
4631,Castletown,3906,14,50
4633,Casuarina,3906,14,50
149557,Cataby,3906,14,50
4641,Caversham,3906,14,50
149552,Cervantes,3906,14,50
4659,Champion Lakes,3906,14,50
4663,Chapman Valley,3906,14,50
4686,Chidlow,3906,14,50
4700,Chittering,3906,14,50
4705,Churchlands,3906,14,50
4709,City Beach,3906,14,50
4710,City of Cockburn,3906,14,50
4711,City of Perth,3906,14,50
4718,Claremont,3906,14,50
4727,Clarkson,3906,14,50
4748,Cloverdale,3906,14,50
4760,Cockburn Central,3906,14,50
4773,College Grove,3906,14,50
4774,Collie,3906,14,50
4783,Como,3906,14,50
4792,Connolly,3906,14,50
4795,Coodanup,3906,14,50
4797,Coogee,3906,14,50
4807,Coolbellup,3906,14,50
4808,Coolbinia,3906,14,50
4809,Coolgardie,3906,14,50
4811,Cooloongup,3906,14,50
4825,Coorow,3906,14,50
4843,Corrigin,3906,14,50
4848,Cottesloe,3906,14,50
4851,Cowaramup,3906,14,50
4859,Craigie,3906,14,50
4869,Cranbrook,3906,14,50
4873,Crawley,3906,14,50
4897,Cuballing,3906,14,50
4898,Cue,3906,14,50
4903,Cunderdin,3906,14,50
4909,Currambine,3906,14,50
4919,Daglish,3906,14,50
4923,Dalkeith,3906,14,50
4926,Dalwallinu,3906,14,50
4927,Dalyellup,3906,14,50
4928,Dampier,3906,14,50
4929,Dampier Peninsula,3906,14,50
4930,Dandaragan,3906,14,50
4934,Darch,3906,14,50
4935,Dardanup,3906,14,50
4938,Darling Downs,3906,14,50
4943,Darlington,3906,14,50
4952,Dawesville,3906,14,50
4955,Dayton,3906,14,50
4968,Denham,3906,14,50
4974,Denmark,3906,14,50
4977,Derby,3906,14,50
4978,Derby-West Kimberley,3906,14,50
4988,Dianella,3906,14,50
4997,Djugun,3906,14,50
5004,Dongara,3906,14,50
5005,Donnybrook,3906,14,50
5006,Donnybrook-Balingup,3906,14,50
5017,Doubleview,3906,14,50
5023,Dowerin,3906,14,50
5030,Drummond Cove,3906,14,50
5035,Dudley Park,3906,14,50
5039,Dumbleyung Shire,3906,14,50
5040,Duncraig,3906,14,50
5041,Dundas,3906,14,50
5047,Dunsborough,3906,14,50
5069,East Bunbury,3906,14,50
5070,East Cannington,3906,14,50
5071,East Carnarvon,3906,14,50
5074,East Fremantle,3906,14,50
5091,East Perth,3906,14,50
5092,East Pilbara,3906,14,50
5097,East Victoria Park,3906,14,50
5101,Eaton,3906,14,50
5106,Eden Hill,3906,14,50
5113,Edgewater,3906,14,50
5120,Eglinton,3906,14,50
5141,Ellenbrook,3906,14,50
5149,Embleton,3906,14,50
5170,Erskine,3906,14,50
5175,Esperance,3906,14,50
5176,Esperance Shire,3906,14,50
5202,Exmouth,3906,14,50
5214,Falcon,3906,14,50
5226,Ferndale,3906,14,50
5242,Fitzroy Crossing,3906,14,50
5256,Floreat,3906,14,50
5271,Forrestdale,3906,14,50
5273,Forrestfield,3906,14,50
5289,Fremantle,3906,14,50
5303,Garden Island,3906,14,50
5321,Gelorup,3906,14,50
5323,Geographe,3906,14,50
5327,Geraldton,3906,14,50
5328,Geraldton city centre,3906,14,50
5330,Gidgegannup,3906,14,50
5339,Gingin,3906,14,50
5344,Girrawheen,3906,14,50
5357,Glen Forrest,3906,14,50
5361,Glen Iris,3906,14,50
5368,Glendalough,3906,14,50
5397,Gnangara,3906,14,50
5398,Gnowangerup,3906,14,50
5401,Golden Bay,3906,14,50
5414,Goomalling,3906,14,50
5417,Gooseberry Hill,3906,14,50
5425,Gosnells,3906,14,50
5441,Grasmere,3906,14,50
149556,Green Head,3906,14,50
5455,Greenfields,3906,14,50
5456,Greenmount,3906,14,50
5465,Greenwood,3906,14,50
5475,Guildford,3906,14,50
5490,Gwelup,3906,14,50
5508,Halls Creek,3906,14,50
5509,Halls Head,3906,14,50
5510,Hamersley,3906,14,50
5514,Hamilton Hill,3906,14,50
5517,Hammond Park,3906,14,50
5523,Hannans,3906,14,50
5530,Harrisdale,3906,14,50
5533,Harvey,3906,14,50
5560,Heathridge,3906,14,50
5570,Helena Valley,3906,14,50
5578,Henley Brook,3906,14,50
5585,Herne Hill,3906,14,50
5593,High Wycombe,3906,14,50
5597,Highgate,3906,14,50
5603,Hilbert,3906,14,50
149559,Hill River,3906,14,50
5605,Hillarys,3906,14,50
5610,Hillman,3906,14,50
5615,Hilton,3906,14,50
5625,Hocking,3906,14,50
5671,Huntingdale,3906,14,50
5683,Iluka,3906,14,50
5692,Inglewood,3906,14,50
5693,Innaloo,3906,14,50
5704,Irwin,3906,14,50
5721,Jandakot,3906,14,50
5723,Jane Brook,3906,14,50
5725,Jarrahdale,3906,14,50
5729,Jerramungup,3906,14,50
5735,Jindalee,3906,14,50
5740,Jolimont,3906,14,50
5741,Joondalup,3906,14,50
5742,Joondanna,3906,14,50
5752,Jurien Bay,3906,14,50
5755,Kalamunda,3906,14,50
5757,Kalbarri,3906,14,50
5759,Kalgoorlie,3906,14,50
5760,Kalgoorlie/Boulder,3906,14,50
5765,Kallaroo,3906,14,50
5769,Kambalda East,3906,14,50
5770,Kambalda West,3906,14,50
5786,Karawara,3906,14,50
5787,Kardinya,3906,14,50
5790,Karnup,3906,14,50
5792,Karratha,3906,14,50
5793,Karrinyup,3906,14,50
5796,Katanning,3906,14,50
5814,Kellerberrin,3906,14,50
5817,Kelmscott,3906,14,50
5832,Kent Shire,3906,14,50
5836,Kenwick,3906,14,50
5845,Kewdale,3906,14,50
5850,Kiara,3906,14,50
5880,Kingsley,3906,14,50
5891,Kinross,3906,14,50
5903,Kojonup,3906,14,50
5904,Kondinin,3906,14,50
5907,Koondoola,3906,14,50
5910,Koorda,3906,14,50
5921,Kulin,3906,14,50
5923,Kununurra,3906,14,50
5933,Kwinana,3906,14,50
5945,Lake Grace,3906,14,50
5953,Lakelands,3906,14,50
5961,Lamington,3906,14,50
149555,Lancelin,3906,14,50
5965,Landsdale,3906,14,50
5970,Langford,3906,14,50
5981,Lathlain,3906,14,50
5989,Laverton,3906,14,50
5996,Leda,3906,14,50
5997,Leederville,3906,14,50
149554,Leeman,3906,14,50
5998,Leeming,3906,14,50
6003,Leinster,3906,14,50
6009,Leonora,3906,14,50
6012,Leschenault,3906,14,50
6013,Lesmurdie,3906,14,50
6036,Little Grove,3906,14,50
6048,Lockridge,3906,14,50
6049,Lockyer,3906,14,50
6074,Lower Chittering,3906,14,50
6076,Lower King,3906,14,50
6092,Lynwood,3906,14,50
6118,Maddington,3906,14,50
6119,Madeley,3906,14,50
6120,Madora Bay,3906,14,50
6124,Maida Vale,3906,14,50
149549,Malaga,3906,14,50
6143,Mandurah,3906,14,50
6144,Mandurah city centre,3906,14,50
6150,Manjimup,3906,14,50
6155,Manning,3906,14,50
6167,Marangaroo,3906,14,50
6171,Marble Bar,3906,14,50
6176,Margaret River,3906,14,50
6185,Marmion,3906,14,50
6195,Martin,3906,14,50
6211,Maylands,3906,14,50
6217,McKail,3906,14,50
6225,Meadow Springs,3906,14,50
6230,Medina,3906,14,50
6233,Meekatharra,3906,14,50
6242,Melville,3906,14,50
6246,Menora,3906,14,50
6248,Menzies,3906,14,50
6259,Merredin,3906,14,50
6262,Merriwa,3906,14,50
6276,Middle Swan,3906,14,50
6280,Midland,3906,14,50
6281,Midvale,3906,14,50
6289,Millars Well,3906,14,50
6291,Millbridge,3906,14,50
6306,Mindarie,3906,14,50
6309,Mingenew,3906,14,50
6313,Mira Mar,3906,14,50
6317,Mirrabooka,3906,14,50
6365,Moora,3906,14,50
6377,Morawa,3906,14,50
6385,Morley,3906,14,50
6400,Mosman Park,3906,14,50
6407,Mount Barker,3906,14,50
6410,Mount Claremont,3906,14,50
6425,Mount Hawthorn,3906,14,50
6427,Mount Helena,3906,14,50
6433,Mount Lawley,3906,14,50
6439,Mount Magnet,3906,14,50
6440,Mount Marshall,3906,14,50
6442,Mount Melville,3906,14,50
6444,Mount Nasura,3906,14,50
6450,Mount Pleasant,3906,14,50
6455,Mount Richon,3906,14,50
6460,Mount Tarcoola,3906,14,50
149551,Muchea,3906,14,50
6473,Mukinbudin,3906,14,50
6477,Mullaloo,3906,14,50
6480,Mundaring,3906,14,50
6481,Mundijong,3906,14,50
6488,Munster,3906,14,50
6490,Murchison,3906,14,50
6491,Murdoch,3906,14,50
6493,Murray,3906,14,50
6504,Myaree,3906,14,50
6519,Nannup,3906,14,50
6528,Narembeen,3906,14,50
6540,Narrogin,3906,14,50
6546,Nedlands,3906,14,50
6569,Newman,3906,14,50
6581,Ngaanyatjarraku,3906,14,50
6590,Nickol,3906,14,50
6600,Nollamara,3906,14,50
6604,Noranda,3906,14,50
6616,North Beach,3906,14,50
6624,North Coogee,3906,14,50
6627,North Fremantle,3906,14,50
6634,North Lake,3906,14,50
6644,North Perth,3906,14,50
6661,Northam,3906,14,50
6662,Northampton Shire,3906,14,50
6664,Northbridge,3906,14,50
6682,Nullagine,3906,14,50
6683,Nulsen,3906,14,50
6687,Nungarin,3906,14,50
6699,Oakford,3906,14,50
6711,Ocean Reef,3906,14,50
6726,Onslow,3906,14,50
6730,Orana,3906,14,50
6736,Orelia,3906,14,50
6743,Osborne Park,3906,14,50
6756,Padbury,3906,14,50
6772,Palmyra,3906,14,50
6779,Paraburdoo,3906,14,50
6793,Parkerville,3906,14,50
6802,Parkwood,3906,14,50
6803,Parmelia,3906,14,50
6819,Pearce,3906,14,50
6822,Pearsall,3906,14,50
6823,Pegs Creek,3906,14,50
6825,Pemberton,3906,14,50
6835,Peppermint Grove,3906,14,50
6838,Perenjori,3906,14,50
6840,Perth,3906,14,50
6841,Perth city centre,3906,14,50
6851,Piara Waters,3906,14,50
6852,Piccadilly,3906,14,50
6859,Pingelly,3906,14,50
6860,Pinjarra,3906,14,50
6865,Plantagenet Shire,3906,14,50
6887,Port Denison,3906,14,50
6892,Port Hedland,3906,14,50
6894,Port Kennedy,3906,14,50
6932,Quairading,3906,14,50
6938,Queens Park,3906,14,50
6947,Quindalup,3906,14,50
6948,Quinns Rocks,3906,14,50
6961,Rangeway,3906,14,50
6969,Ravensthorpe,3906,14,50
6971,Ravenswood,3906,14,50
6981,Redcliffe,3906,14,50
149558,Regans Ford,3906,14,50
7013,Ridgewood,3906,14,50
7026,Riverton,3906,14,50
7027,Rivervale,3906,14,50
7044,Rockingham,3906,14,50
7045,Rockingham city centre,3906,14,50
7049,Roebuck,3906,14,50
7051,Roleystone,3906,14,50
7079,Rossmoyne,3906,14,50
7106,Safety Bay,3906,14,50
7128,Salter Point,3906,14,50
7130,Samson,3906,14,50
7139,Sandstone,3906,14,50
7149,Scarborough,3906,14,50
7172,Secret Harbour,3906,14,50
7181,Serpentine,3906,14,50
7182,Serpentine-Jarrahdale,3906,14,50
7188,Seville Grove,3906,14,50
7192,Shark Bay,3906,14,50
7199,Shelley,3906,14,50
7202,Shenton Park,3906,14,50
7208,Shoalwater,3906,14,50
7214,Silver Sands,3906,14,50
7217,Sinagra,3906,14,50
7218,Singleton,3906,14,50
7245,Somerville,3906,14,50
7248,Sorrento,3906,14,50
7254,South Bunbury,3906,14,50
7256,South Carnarvon,3906,14,50
7258,South Fremantle,3906,14,50
7263,South Guildford,3906,14,50
7264,South Hedland,3906,14,50
7267,South Kalgoorlie,3906,14,50
7271,South Lake,3906,14,50
7281,South Perth,3906,14,50
7291,South Yunderup,3906,14,50
7297,Southern River,3906,14,50
7300,Spalding,3906,14,50
7301,Spearwood,3906,14,50
7304,Spencer Park,3906,14,50
7323,St George Ranges,3906,14,50
7330,St James,3906,14,50
7347,Stirling,3906,14,50
7351,Stoneville,3906,14,50
7356,Strathalbyn,3906,14,50
7365,Stratton,3906,14,50
7371,Subiaco,3906,14,50
7372,Success,3906,14,50
7383,Sunset Beach,3906,14,50
7401,Swan,3906,14,50
7403,Swan View,3906,14,50
7404,Swanbourne,3906,14,50
7424,Tammin,3906,14,50
7433,Tapping,3906,14,50
7436,Tarcoola Beach,3906,14,50
7458,Telfer,3906,14,50
7496,The Vines,3906,14,50
7507,Thornlie,3906,14,50
7509,Three Springs,3906,14,50
7526,Tom Price,3906,14,50
7530,Toodyay,3906,14,50
7560,Trayning,3906,14,50
7564,Trigg,3906,14,50
7571,Tuart Hill,3906,14,50
7594,Two Rocks,3906,14,50
7609,Upper Gascoyne,3906,14,50
7619,Usher,3906,14,50
7620,Utakarra,3906,14,50
7627,Vasse,3906,14,50
7633,Victoria Park,3906,14,50
7634,Victoria Plains,3906,14,50
7638,Vincent,3906,14,50
7645,Viveash,3906,14,50
7653,Waggrakine,3906,14,50
7654,Wagin,3906,14,50
7658,Waikiki,3906,14,50
7682,Wandering,3906,14,50
7683,Wandi,3906,14,50
7685,Wandina,3906,14,50
7691,Wannanup,3906,14,50
7692,Wanneroo,3906,14,50
7706,Warnbro,3906,14,50
7709,Waroona,3906,14,50
7726,Warwick,3906,14,50
7729,Waterford,3906,14,50
7732,Watermans Bay,3906,14,50
7739,Wattle Grove,3906,14,50
7755,Wellard,3906,14,50
7760,Wembley,3906,14,50
7761,Wembley Downs,3906,14,50
7776,West Arthur,3906,14,50
7780,West Beach,3906,14,50
7781,West Busselton,3906,14,50
7795,West Lamington,3906,14,50
7797,West Leederville,3906,14,50
7803,West Perth,3906,14,50
7826,Westminster,3906,14,50
7828,Westonia,3906,14,50
7833,White Gum Valley,3906,14,50
7848,Wickepin,3906,14,50
7850,Wickham,3906,14,50
7853,Willagee,3906,14,50
7855,Willetton,3906,14,50
7856,Williams,3906,14,50
7868,Wilson,3906,14,50
7873,Wiluna,3906,14,50
7889,Winthrop,3906,14,50
7893,Withers,3906,14,50
7907,Wongan-Ballidu,3906,14,50
7910,Wonthella,3906,14,50
7911,Woodanilling,3906,14,50
7914,Woodbridge,3906,14,50
149553,Woodridge,3906,14,50
7927,Woodvale,3906,14,50
7947,Wooroloo,3906,14,50
7948,Woorree,3906,14,50
7961,Wundowie,3906,14,50
7966,Wyalkatchem,3906,14,50
7971,Wyndham-East Kimberley,3906,14,50
7982,Yakamia,3906,14,50
7983,Yalgoo,3906,14,50
7985,Yallingup,3906,14,50
7987,Yalyalup,3906,14,50
7990,Yanchep,3906,14,50
7992,Yangebup,3906,14,50
8022,Yilgarn,3906,14,50
8023,Yokine,3906,14,50
8025,York,3906,14,50
